-- phpMyAdmin SQL Dump
-- version 4.4.15.5
-- http://www.phpmyadmin.net
--
-- Хост: 127.0.0.1:3306
-- Время создания: Фев 15 2018 г., 14:49
-- Версия сервера: 5.7.11
-- Версия PHP: 7.0.4

SET SQL_MODE = "NO_AUTO_VALUE_ON_ZERO";
SET time_zone = "+00:00";


/*!40101 SET @OLD_CHARACTER_SET_CLIENT=@@CHARACTER_SET_CLIENT */;
/*!40101 SET @OLD_CHARACTER_SET_RESULTS=@@CHARACTER_SET_RESULTS */;
/*!40101 SET @OLD_COLLATION_CONNECTION=@@COLLATION_CONNECTION */;
/*!40101 SET NAMES utf8mb4 */;

--
-- База данных: `test-cppk`
--

-- --------------------------------------------------------

--
-- Структура таблицы `test_cat`
--

CREATE TABLE IF NOT EXISTS `test_cat` (
  `id` int(11) NOT NULL,
  `name` varchar(255) NOT NULL
) ENGINE=InnoDB AUTO_INCREMENT=3 DEFAULT CHARSET=utf8;

--
-- Дамп данных таблицы `test_cat`
--

INSERT INTO `test_cat` (`id`, `name`) VALUES
(1, 'Производственные организации'),
(2, 'Не производственные организации');

-- --------------------------------------------------------

--
-- Структура таблицы `test_cat_litle`
--

CREATE TABLE IF NOT EXISTS `test_cat_litle` (
  `id` int(11) NOT NULL,
  `name` varchar(255) DEFAULT NULL,
  `id_cat` int(11) DEFAULT NULL
) ENGINE=InnoDB AUTO_INCREMENT=14 DEFAULT CHARSET=utf8;

--
-- Дамп данных таблицы `test_cat_litle`
--

INSERT INTO `test_cat_litle` (`id`, `name`, `id_cat`) VALUES
(1, 'Строительная отрасль', 1),
(2, 'Пищевая промышленность ', 1),
(3, 'Организации сельского хозяйства', 1),
(4, 'Организации здравоохранения', 2),
(5, 'Организации культуры', 2),
(6, 'Организации образования', 2),
(9, 'Технические инспектора', 1),
(10, 'Организации оптовой и розничной торговли ', 2),
(11, 'Организации телекоммуникаций (связи)', 2),
(12, 'Организации, осуществляющие охрану и охранную деятельность ', 2),
(13, 'Технические инспектора', 2);

-- --------------------------------------------------------

--
-- Структура таблицы `test_gruppa`
--

CREATE TABLE IF NOT EXISTS `test_gruppa` (
  `id` int(11) NOT NULL,
  `name` varchar(255) NOT NULL,
  `date` varchar(255) NOT NULL,
  `podkl` int(11) NOT NULL
) ENGINE=InnoDB AUTO_INCREMENT=15 DEFAULT CHARSET=utf8;

--
-- Дамп данных таблицы `test_gruppa`
--

INSERT INTO `test_gruppa` (`id`, `name`, `date`, `podkl`) VALUES
(4, '23.06.2017', '2017-06-23', 1),
(5, 'Экзамен 24.06.2017г.', '2017-06-24', 0),
(6, 'Экзамен 29.06.2017г', '2017-06-29', 0),
(7, 'Экзамен 21.07.2017г', '2017-07-21', 0),
(8, 'Экзамен 18.07.2017г.', '2017-08-03', 0),
(9, 'Экзамен 18.08.2017г', '2017-08-18', 0),
(10, 'Экзамен 15.09.2017', '2017-09-15', 0),
(11, 'Экзамен 28.09.2107', '2017-09-28', 0),
(12, 'Экзамен 20.10.2017', '2017-10-20', 0),
(13, 'Экзамен 17.11.2017', '2017-11-17', 0),
(14, 'Экзамен 15.12.2017', '2017-12-15', 0);

-- --------------------------------------------------------

--
-- Структура таблицы `test_otvet`
--

CREATE TABLE IF NOT EXISTS `test_otvet` (
  `id` int(11) NOT NULL,
  `gruupa` int(11) DEFAULT NULL,
  `cat` int(11) DEFAULT NULL,
  `fio` varchar(255) NOT NULL,
  `otv1` int(11) DEFAULT NULL,
  `otv2` int(11) DEFAULT NULL,
  `otv3` int(11) DEFAULT NULL,
  `otv4` int(11) DEFAULT NULL,
  `otv5` int(11) DEFAULT NULL,
  `otv6` int(11) DEFAULT NULL,
  `otv7` int(11) DEFAULT NULL,
  `otv8` int(11) DEFAULT NULL,
  `otv9` int(11) DEFAULT NULL,
  `otv10` int(11) DEFAULT NULL,
  `otv11` int(11) DEFAULT NULL,
  `otv12` int(11) DEFAULT NULL,
  `otv13` int(11) DEFAULT NULL,
  `otv14` int(11) DEFAULT NULL,
  `otv15` int(11) DEFAULT NULL,
  `otv16` int(11) DEFAULT NULL,
  `otv17` int(11) DEFAULT NULL,
  `otv18` int(11) DEFAULT NULL,
  `otv19` int(11) DEFAULT NULL,
  `otv20` int(11) DEFAULT NULL,
  `otv21` int(11) DEFAULT NULL,
  `otv22` int(11) DEFAULT NULL,
  `otv23` int(11) DEFAULT NULL,
  `otv24` int(11) DEFAULT NULL,
  `otv25` int(11) DEFAULT NULL,
  `otv26` int(11) DEFAULT NULL,
  `otv27` int(11) DEFAULT NULL,
  `otv28` int(11) DEFAULT NULL,
  `otv29` int(11) DEFAULT NULL,
  `otv30` int(11) DEFAULT NULL,
  `zatrat_vrem` varchar(255) DEFAULT NULL,
  `data_prov` varchar(255) DEFAULT NULL
) ENGINE=InnoDB AUTO_INCREMENT=437 DEFAULT CHARSET=utf8;

--
-- Дамп данных таблицы `test_otvet`
--

INSERT INTO `test_otvet` (`id`, `gruupa`, `cat`, `fio`, `otv1`, `otv2`, `otv3`, `otv4`, `otv5`, `otv6`, `otv7`, `otv8`, `otv9`, `otv10`, `otv11`, `otv12`, `otv13`, `otv14`, `otv15`, `otv16`, `otv17`, `otv18`, `otv19`, `otv20`, `otv21`, `otv22`, `otv23`, `otv24`, `otv25`, `otv26`, `otv27`, `otv28`, `otv29`, `otv30`, `zatrat_vrem`, `data_prov`) VALUES
(1, 1, 0, 'Кравчук Александр', 0, 0, 0, 0, 0, 0, 0, 0, 0, 0, 0, 0, 0, 0, 0, 0, 0, 0, 0, 0, 0, 0, 0, 0, 0, 0, 0, 0, 0, 0, '', ''),
(2, 1, 1, 'Кравчук Александр', 0, 0, 0, 0, 0, 0, 0, 0, 0, 0, 0, 0, 0, 0, 0, 0, 0, 0, 0, 0, 0, 0, 0, 0, 0, 0, 0, 0, 0, 0, '', ''),
(3, 1, 1, 'Кравчук Александр', 0, 0, 0, 0, 0, 0, 0, 0, 0, 0, 0, 0, 0, 0, 0, 0, 0, 0, 0, 0, 0, 0, 0, 0, 0, 0, 0, 0, 0, 0, '', ''),
(4, 1, 1, 'Кравчук Александр', 0, 0, 0, 0, 0, 0, 0, 0, 0, 0, 0, 0, 0, 0, 0, 0, 0, 0, 0, 0, 0, 0, 0, 0, 0, 0, 0, 0, 0, 0, '', ''),
(5, 1, 1, 'Кравчук Александр', 0, 0, 0, 0, 0, 0, 0, 0, 0, 0, 0, 0, 0, 0, 0, 0, 0, 0, 0, 0, 0, 0, 0, 0, 0, 0, 0, 0, 0, 0, '', ''),
(6, 1, 1, 'Кравчук Александр', 0, 0, 0, 0, 0, 0, 0, 0, 0, 0, 0, 0, 0, 0, 0, 0, 0, 0, 0, 0, 0, 0, 0, 0, 0, 0, 0, 0, 0, 0, '', ''),
(7, 1, 1, 'Кравчук Александр', 0, 0, 0, 0, 0, 0, 0, 0, 0, 0, 0, 0, 0, 0, 0, 0, 0, 0, 0, 0, 0, 0, 0, 0, 0, 0, 0, 0, 0, 0, '', ''),
(8, 1, 1, 'Кравчук Александр', 0, 1, 1, 0, 1, 0, 0, 0, 0, 0, 0, 0, 0, 0, 0, 0, 0, 0, 0, 0, 0, 0, 0, 0, 0, 0, 0, 0, 0, 0, '', ''),
(9, 0, 0, '', 0, 0, 0, 0, 0, 0, 0, 0, 0, 0, 0, 0, 0, 0, 0, 0, 0, 0, 0, 0, 0, 0, 0, 0, 0, 0, 0, 0, 0, 0, '', ''),
(10, 1, 2, 'Кравчук Александр', 0, 0, 0, 0, 0, 0, 1, 0, 0, 0, 0, 1, 1, 0, 0, 0, 0, 1, 0, 1, 0, 1, 1, 0, 0, 0, 1, 0, 0, 0, '', ''),
(11, 0, 0, '', 0, 0, 0, 0, 0, 0, 0, 0, 0, 0, 0, 0, 0, 0, 0, 0, 0, 0, 0, 0, 0, 0, 0, 0, 0, 0, 0, 0, 0, 0, '', ''),
(12, 0, 0, '', 0, 0, 0, 0, 0, 0, 0, 0, 0, 0, 0, 0, 0, 0, 0, 0, 0, 0, 0, 0, 0, 0, 0, 0, 0, 0, 0, 0, 0, 0, '', ''),
(13, 0, 0, '', 0, 0, 0, 0, 0, 0, 0, 0, 0, 0, 0, 0, 0, 0, 0, 0, 0, 0, 0, 0, 0, 0, 0, 0, 0, 0, 0, 0, 0, 0, '', ''),
(14, 1, 2, 'Кулболганова Жанар Таифовна ', 1, 1, 0, 0, 0, 1, 1, 0, 1, 1, 1, 1, 0, 1, 1, 0, 1, 1, 1, 0, 1, 1, 1, 1, 1, 1, 1, 1, 1, 1, '', ''),
(15, 0, 0, '', 0, 0, 0, 0, 0, 0, 0, 0, 0, 0, 0, 0, 0, 0, 0, 0, 0, 0, 0, 0, 0, 0, 0, 0, 0, 0, 0, 0, 0, 0, '', ''),
(16, 0, 0, '', 0, 0, 0, 0, 0, 0, 0, 0, 0, 0, 0, 0, 0, 0, 0, 0, 0, 0, 0, 0, 0, 0, 0, 0, 0, 0, 0, 0, 0, 0, '', ''),
(17, 1, 1, 'Кулболганова Жанар Таифовна ', 0, 1, 1, 0, 0, 1, 1, 1, 0, 0, 0, 0, 0, 0, 0, 0, 0, 0, 0, 1, 0, 0, 0, 0, 0, 1, 0, 1, 1, 0, '', ''),
(18, 1, 1, 'Кравчук', 0, 0, 0, 0, 0, 0, 0, 0, 0, 0, 0, 0, 0, 0, 0, 0, 0, 0, 0, 0, 0, 0, 0, 0, 0, 0, 0, 0, 0, 0, '', ''),
(19, 1, 1, 'Кравчук', 0, 0, 0, 0, 0, 0, 0, 0, 0, 0, 0, 0, 0, 0, 0, 0, 0, 0, 0, 0, 0, 0, 0, 0, 0, 0, 0, 0, 0, 0, '', ''),
(20, 1, 1, 'Кравчук', 0, 0, 0, 0, 0, 0, 0, 0, 0, 0, 0, 0, 0, 0, 0, 0, 0, 0, 0, 0, 0, 0, 0, 0, 0, 0, 0, 0, 0, 0, '', ''),
(21, 1, 1, 'Кравчук', 1, 1, 0, 1, 1, 0, 0, 0, 0, 1, 0, 0, 0, 0, 1, 0, 0, 1, 0, 0, 0, 1, 0, 0, 0, 1, 0, 1, 1, 0, '', ''),
(22, 1, 1, 'Кравчук Александр', 0, 0, 0, 0, 0, 0, 0, 0, 0, 0, 0, 0, 0, 0, 0, 0, 0, 0, 0, 0, 0, 0, 0, 0, 0, 0, 0, 0, 0, 0, '', ''),
(23, 1, 1, 'Кравчук Александр', 0, 0, 0, 0, 0, 0, 0, 0, 0, 0, 0, 0, 0, 0, 0, 0, 0, 0, 0, 0, 0, 0, 0, 0, 0, 0, 0, 0, 0, 0, '', ''),
(24, 1, 1, 'Кравчук', 1, 1, 0, 1, 1, 0, 0, 0, 0, 1, 0, 0, 0, 0, 1, 0, 0, 1, 0, 0, 0, 1, 0, 0, 0, 1, 0, 1, 1, 0, '', ''),
(25, 1, 1, 'Кравчук', 1, 1, 0, 1, 1, 0, 0, 0, 0, 1, 0, 0, 0, 0, 1, 0, 0, 1, 0, 0, 0, 1, 0, 0, 0, 1, 0, 1, 1, 0, '', ''),
(26, 1, 1, 'Кравчук', 1, 1, 0, 1, 1, 0, 0, 0, 0, 1, 0, 0, 0, 0, 1, 0, 0, 1, 0, 0, 0, 1, 0, 0, 0, 1, 0, 1, 1, 0, '', ''),
(27, 1, 1, 'Кравчук', 1, 1, 0, 1, 1, 0, 0, 0, 0, 1, 0, 0, 0, 0, 1, 0, 0, 1, 0, 0, 0, 1, 0, 0, 0, 1, 0, 1, 1, 0, '', ''),
(28, 1, 1, 'Кравчук', 1, 1, 0, 1, 1, 0, 0, 0, 0, 1, 0, 0, 0, 0, 1, 0, 0, 1, 0, 0, 0, 1, 0, 0, 0, 1, 0, 1, 1, 0, '', ''),
(29, 1, 1, 'Кравчук', 1, 1, 0, 1, 1, 0, 0, 0, 0, 1, 0, 0, 0, 0, 1, 0, 0, 1, 0, 0, 0, 1, 0, 0, 0, 1, 0, 1, 1, 0, '', ''),
(30, 0, 0, '', 0, 0, 0, 0, 0, 0, 0, 0, 0, 0, 0, 0, 0, 0, 0, 0, 0, 0, 0, 0, 0, 0, 0, 0, 0, 0, 0, 0, 0, 0, '', ''),
(31, 1, 2, 'Кулболганова Жанар Таифовна ', 0, 0, 0, 0, 0, 0, 0, 0, 0, 0, 0, 0, 0, 0, 0, 0, 0, 0, 0, 0, 0, 0, 0, 0, 0, 0, 0, 0, 0, 0, '', ''),
(32, 1, 1, 'Кравчук Александр', 0, 0, 0, 0, 0, 0, 0, 0, 0, 0, 0, 0, 0, 0, 0, 0, 0, 0, 0, 0, 0, 0, 0, 0, 0, 0, 0, 0, 0, 0, '', ''),
(33, 1, 1, 'Кравчук Александр', 0, 0, 0, 0, 0, 0, 0, 0, 0, 0, 0, 0, 0, 0, 0, 0, 0, 0, 0, 0, 0, 0, 0, 0, 0, 0, 0, 0, 0, 0, '', ''),
(34, 1, 1, 'Кравчук Александр', 0, 0, 0, 0, 0, 0, 0, 0, 0, 0, 0, 0, 0, 0, 0, 0, 0, 0, 0, 0, 0, 0, 0, 0, 0, 0, 0, 0, 0, 0, '', ''),
(35, 1, 1, 'Кравчук Александр', 0, 0, 0, 0, 0, 0, 0, 0, 0, 0, 0, 0, 0, 0, 0, 0, 0, 0, 0, 0, 0, 0, 0, 0, 0, 0, 0, 0, 0, 0, '', ''),
(36, 1, 1, 'Кравчук Александр', 1, 1, 0, 1, 0, 0, 0, 0, 0, 0, 0, 0, 0, 0, 0, 0, 0, 0, 0, 0, 0, 0, 0, 0, 0, 0, 0, 0, 0, 0, '', ''),
(37, 1, 1, 'Кравчук Александр', 0, 0, 0, 0, 0, 0, 0, 0, 0, 0, 0, 0, 0, 0, 0, 0, 0, 1, 0, 0, 0, 0, 0, 0, 0, 0, 0, 0, 0, 0, '', ''),
(38, 1, 1, 'fazanis31', 1, 0, 1, 0, 0, 0, 0, 0, 0, 0, 1, 0, 0, 1, 0, 0, 1, 0, 0, 0, 1, 1, 1, 0, 0, 1, 1, 1, 0, 0, '00:00:43', '22.06.2017'),
(39, 1, 2, 'Кулболганова Жанар Таифовна ', 0, 0, 0, 0, 0, 0, 1, 0, 1, 0, 0, 0, 0, 1, 0, 0, 0, 0, 0, 0, 0, 1, 0, 0, 0, 1, 1, 0, 1, 1, '00:01:22', '22.06.2017'),
(40, 0, 0, '', 0, 0, 0, 0, 0, 0, 0, 0, 0, 0, 0, 0, 0, 0, 0, 0, 0, 0, 0, 0, 0, 0, 0, 0, 0, 0, 0, 0, 0, 0, '00:15:00', '22.06.2017'),
(41, 0, 0, '', 0, 0, 0, 0, 0, 0, 0, 0, 0, 0, 0, 0, 0, 0, 0, 0, 0, 0, 0, 0, 0, 0, 0, 0, 0, 0, 0, 0, 0, 0, '00:15:00', '24.06.2017'),
(42, 5, 2, 'гггггггг', 0, 1, 0, 1, 1, 0, 0, 0, 1, 0, 0, 0, 1, 0, 0, 0, 0, 0, 0, 0, 0, 0, 0, 0, 0, 0, 0, 0, 1, 1, '00:01:23', '24.06.2017'),
(43, 5, 2, 'Курабаева Фарида Альмырзиновна', 1, 0, 1, 1, 0, 0, 1, 1, 1, 1, 0, 1, 1, 1, 0, 0, 1, 1, 0, 1, 1, 1, 1, 1, 1, 1, 1, 0, 1, 1, '00:06:48', '24.06.2017'),
(44, 5, 2, 'осипова наталья  максимовна', 1, 1, 1, 1, 0, 1, 1, 1, 1, 1, 1, 1, 1, 1, 0, 1, 0, 1, 0, 0, 1, 1, 1, 1, 1, 1, 1, 1, 1, 1, '00:10:38', '24.06.2017'),
(45, 5, 2, 'Бутенова Акбота Баянбековна', 1, 0, 1, 1, 1, 1, 1, 1, 0, 1, 0, 1, 1, 1, 1, 0, 1, 0, 1, 1, 1, 1, 1, 1, 1, 1, 1, 1, 0, 1, '00:11:02', '24.06.2017'),
(46, 5, 2, 'ибраева жанна кайржановна', 1, 0, 1, 1, 1, 1, 1, 1, 1, 1, 0, 1, 1, 1, 1, 0, 1, 1, 1, 1, 1, 1, 1, 1, 1, 1, 1, 1, 1, 0, '00:10:58', '24.06.2017'),
(47, 5, 2, 'Тамасханов Хасан Ахметович', 1, 1, 1, 0, 1, 1, 1, 1, 1, 1, 0, 1, 1, 1, 1, 1, 1, 0, 1, 1, 1, 1, 1, 1, 1, 1, 0, 1, 0, 0, '00:10:38', '24.06.2017'),
(48, 5, 2, 'Кульбаева Насипа    Жундибаевна', 1, 1, 1, 0, 1, 1, 1, 1, 0, 1, 1, 0, 1, 0, 1, 1, 1, 1, 1, 1, 1, 0, 0, 1, 0, 1, 1, 1, 1, 1, '00:14:52', '24.06.2017'),
(49, 5, 2, 'куанбаева Забира Султановна', 1, 0, 1, 1, 1, 1, 0, 0, 0, 1, 1, 0, 1, 0, 0, 1, 1, 1, 1, 0, 1, 1, 1, 0, 0, 0, 1, 0, 1, 0, '00:15:00', '24.06.2017'),
(50, 5, 2, 'Тулепбергенова  Сайран Уазырхановна', 1, 0, 0, 1, 1, 0, 0, 0, 1, 1, 0, 0, 0, 1, 1, 0, 1, 0, 0, 1, 1, 1, 0, 1, 0, 0, 1, 0, 1, 1, '00:15:00', '24.06.2017'),
(51, 5, 2, 'Тыртышный Дмитрий Олегович', 1, 1, 1, 0, 1, 1, 1, 1, 1, 1, 1, 1, 0, 1, 1, 1, 1, 1, 0, 0, 0, 0, 1, 1, 1, 1, 1, 1, 1, 0, '00:06:47', '24.06.2017'),
(52, 5, 2, 'Муканова Роза  Жумкеновна', 1, 0, 0, 0, 1, 1, 1, 1, 1, 1, 1, 1, 1, 0, 1, 1, 1, 1, 0, 1, 0, 0, 1, 0, 1, 0, 0, 1, 1, 1, '00:09:08', '24.06.2017'),
(53, 5, 2, 'Кабдолов Жаркын Русланович', 1, 1, 1, 1, 0, 0, 0, 0, 0, 1, 0, 0, 1, 0, 0, 0, 1, 0, 1, 1, 1, 0, 1, 1, 1, 1, 1, 1, 1, 1, '00:08:31', '24.06.2017'),
(54, 5, 2, 'Бухарбаева Салтанат Турсунбаевна', 1, 0, 1, 0, 1, 0, 0, 0, 0, 1, 0, 0, 0, 1, 1, 0, 0, 1, 1, 1, 1, 1, 0, 0, 0, 0, 0, 0, 0, 0, '00:15:00', '24.06.2017'),
(55, 5, 2, 'сеитова рахила  кабылтаевна', 1, 1, 0, 1, 1, 0, 1, 0, 1, 0, 1, 1, 1, 0, 1, 1, 1, 1, 1, 1, 1, 1, 1, 0, 1, 1, 1, 1, 1, 1, '00:15:00', '24.06.2017'),
(56, 5, 2, 'Солтанбаев Куанышбек Бахытбекович', 1, 1, 1, 1, 1, 1, 1, 0, 1, 1, 1, 1, 1, 0, 1, 0, 1, 1, 1, 0, 0, 1, 1, 1, 0, 1, 0, 1, 0, 1, '00:15:00', '24.06.2017'),
(57, 5, 1, 'рахимжанов ерлан буланович ', 1, 1, 1, 1, 1, 1, 1, 1, 1, 1, 1, 0, 0, 1, 0, 1, 1, 1, 0, 1, 1, 1, 0, 1, 1, 0, 0, 1, 1, 0, '00:11:44', '24.06.2017'),
(58, 5, 1, 'Новикова Ирина Викторовна ', 0, 1, 1, 1, 1, 0, 1, 1, 0, 1, 1, 1, 1, 1, 1, 1, 1, 1, 0, 0, 1, 1, 1, 1, 0, 0, 1, 1, 1, 1, '00:14:59', '24.06.2017'),
(59, 5, 1, 'Рейдина Марина Валентиновна', 0, 1, 1, 0, 1, 1, 1, 1, 1, 1, 0, 1, 1, 1, 1, 1, 0, 1, 1, 1, 0, 1, 0, 0, 0, 1, 1, 1, 0, 0, '00:10:36', '24.06.2017'),
(60, 5, 2, 'авазбакиев рифхат анатольевич', 0, 0, 0, 0, 0, 1, 0, 0, 1, 0, 0, 0, 0, 1, 0, 1, 1, 0, 0, 0, 0, 0, 0, 0, 0, 0, 0, 0, 0, 0, '00:15:00', '24.06.2017'),
(61, 5, 2, 'фросенюк василий васильевич ', 1, 0, 1, 0, 1, 0, 1, 1, 1, 1, 0, 0, 1, 0, 0, 0, 0, 1, 1, 1, 1, 1, 0, 0, 1, 0, 1, 0, 1, 1, '00:10:56', '24.06.2017'),
(62, 5, 1, 'Суханов Юрий Павлович', 1, 1, 1, 1, 0, 1, 1, 1, 1, 0, 1, 0, 0, 1, 1, 1, 1, 0, 0, 1, 1, 1, 1, 1, 1, 1, 0, 1, 1, 1, '00:11:03', '24.06.2017'),
(63, 5, 2, 'Блялова Сауле Серикпаевна', 1, 1, 0, 1, 1, 0, 1, 1, 1, 1, 1, 1, 1, 0, 1, 1, 0, 1, 1, 0, 1, 1, 0, 1, 1, 0, 1, 1, 0, 1, '00:13:55', '24.06.2017'),
(64, 5, 1, 'Гудзенко Станислав Витальевич', 1, 1, 1, 1, 1, 1, 1, 1, 1, 1, 1, 1, 1, 0, 1, 1, 0, 1, 1, 1, 0, 1, 0, 1, 1, 0, 1, 1, 1, 1, '00:07:13', '24.06.2017'),
(65, 5, 2, 'Султанбаев Ризабек Бариевич', 1, 1, 1, 1, 0, 1, 1, 1, 1, 0, 0, 1, 0, 1, 0, 1, 0, 1, 1, 1, 0, 0, 1, 0, 1, 0, 0, 0, 0, 1, '00:14:10', '24.06.2017'),
(66, 5, 2, 'Михалёв', 0, 1, 1, 1, 1, 1, 0, 0, 1, 1, 0, 1, 1, 1, 1, 1, 1, 0, 1, 1, 1, 1, 1, 1, 1, 1, 1, 0, 0, 1, '00:11:21', '24.06.2017'),
(67, 5, 1, 'Попова Лариса Николаевна', 1, 1, 0, 1, 1, 1, 0, 0, 1, 0, 1, 1, 0, 1, 1, 0, 1, 0, 0, 1, 0, 1, 0, 1, 0, 0, 1, 1, 0, 1, '00:07:55', '24.06.2017'),
(68, 5, 2, 'Мыналимова Гульжайнат Жазитовна', 1, 1, 0, 0, 0, 1, 1, 1, 0, 0, 1, 0, 0, 1, 0, 0, 1, 0, 0, 0, 0, 0, 1, 0, 0, 0, 1, 0, 1, 1, '00:09:55', '24.06.2017'),
(69, 5, 2, 'сулейменов ерсаин кенжетаевич', 0, 1, 0, 1, 0, 0, 0, 0, 1, 1, 0, 1, 1, 1, 1, 0, 1, 1, 0, 1, 1, 1, 1, 1, 1, 0, 0, 1, 0, 0, '00:15:00', '24.06.2017'),
(70, 5, 2, 'Макимов Женис Ныгметоллаевич', 1, 1, 0, 0, 1, 0, 0, 1, 0, 1, 1, 1, 0, 0, 0, 1, 1, 1, 0, 1, 1, 0, 0, 0, 0, 0, 0, 0, 0, 0, '00:15:00', '24.06.2017'),
(71, 5, 1, 'мицкевич сергей викторович', 1, 0, 1, 0, 0, 1, 0, 1, 1, 1, 1, 0, 0, 0, 1, 1, 0, 0, 1, 1, 1, 1, 0, 0, 1, 0, 0, 0, 0, 0, '00:15:00', '24.06.2017'),
(72, 5, 1, 'Иванова Марина Васильевна', 0, 1, 1, 0, 0, 1, 0, 0, 1, 1, 1, 0, 0, 0, 1, 1, 1, 1, 0, 0, 0, 1, 1, 1, 0, 0, 0, 1, 1, 0, '00:11:48', '24.06.2017'),
(73, 5, 1, 'Свердлова Людмила Ивановна', 1, 1, 1, 0, 0, 1, 1, 0, 1, 1, 0, 1, 1, 1, 1, 1, 1, 0, 0, 1, 1, 0, 1, 0, 1, 1, 1, 0, 1, 1, '00:15:00', '24.06.2017'),
(74, 5, 2, 'Алпысбаев Данияр Ерланович', 0, 0, 1, 0, 1, 1, 1, 0, 1, 1, 1, 1, 1, 1, 1, 1, 0, 1, 1, 1, 1, 1, 1, 1, 0, 1, 1, 1, 1, 1, '00:11:56', '24.06.2017'),
(75, 5, 2, 'сыдыков мелжан рахимсеитович', 0, 0, 0, 0, 1, 1, 1, 1, 1, 1, 0, 0, 1, 1, 1, 1, 1, 1, 1, 1, 1, 1, 1, 0, 1, 0, 1, 1, 1, 1, '00:09:59', '24.06.2017'),
(76, 5, 1, 'головко виталий иладимирович', 1, 0, 0, 1, 0, 1, 1, 1, 0, 0, 1, 1, 0, 1, 1, 1, 1, 0, 1, 0, 0, 0, 0, 0, 0, 0, 0, 0, 0, 0, '00:15:00', '24.06.2017'),
(77, 5, 1, 'Альмагамбетов Жаксылык Нуриденович', 1, 1, 1, 0, 1, 0, 1, 1, 1, 1, 0, 0, 1, 1, 1, 1, 1, 1, 0, 1, 1, 1, 0, 1, 0, 0, 1, 1, 1, 0, '00:11:08', '24.06.2017'),
(78, 5, 2, 'Ахметжанов Аблайхан Бекенович', 0, 1, 1, 1, 1, 1, 1, 1, 0, 1, 1, 1, 0, 1, 0, 0, 1, 1, 1, 0, 1, 1, 1, 1, 0, 1, 0, 1, 1, 1, '00:09:04', '24.06.2017'),
(79, 5, 1, 'Долженко Александр Владимирович', 0, 1, 1, 1, 0, 1, 1, 1, 0, 1, 1, 0, 1, 1, 1, 1, 0, 1, 1, 1, 0, 0, 1, 1, 1, 0, 0, 0, 1, 1, '00:12:24', '24.06.2017'),
(80, 5, 2, 'Булумбаев Ардак Каирбергенович', 0, 0, 1, 1, 1, 1, 0, 0, 0, 0, 0, 0, 0, 1, 1, 1, 0, 1, 1, 0, 1, 0, 0, 0, 1, 0, 1, 0, 0, 1, '00:14:05', '24.06.2017'),
(81, 5, 2, 'Казакевич Евгений Александрович', 1, 0, 0, 0, 1, 0, 0, 0, 0, 1, 0, 1, 0, 0, 0, 1, 0, 1, 1, 1, 1, 1, 0, 1, 0, 0, 1, 1, 0, 1, '00:12:29', '24.06.2017'),
(82, 5, 2, 'Перевертова Людмила Николаевна ', 1, 0, 1, 0, 1, 1, 1, 1, 0, 1, 0, 1, 1, 1, 1, 0, 1, 1, 1, 1, 1, 1, 1, 1, 1, 1, 1, 1, 0, 0, '00:08:33', '24.06.2017'),
(83, 0, 0, '', 0, 0, 0, 0, 0, 0, 0, 0, 0, 0, 0, 0, 0, 0, 0, 0, 0, 0, 0, 0, 0, 0, 0, 0, 0, 0, 0, 0, 0, 0, '00:15:00', '25.06.2017'),
(84, 0, 0, '', 0, 0, 0, 0, 0, 0, 0, 0, 0, 0, 0, 0, 0, 0, 0, 0, 0, 0, 0, 0, 0, 0, 0, 0, 0, 0, 0, 0, 0, 0, '00:15:00', '26.06.2017'),
(85, 0, 0, '', 0, 0, 0, 0, 0, 0, 0, 0, 0, 0, 0, 0, 0, 0, 0, 0, 0, 0, 0, 0, 0, 0, 0, 0, 0, 0, 0, 0, 0, 0, '00:15:00', '27.06.2017'),
(86, 0, 0, '', 0, 0, 0, 0, 0, 0, 0, 0, 0, 0, 0, 0, 0, 0, 0, 0, 0, 0, 0, 0, 0, 0, 0, 0, 0, 0, 0, 0, 0, 0, '00:15:00', '28.06.2017'),
(87, 6, 2, 'СУЛТАНБАЕВ РИЗАБЕК БАРИЕВИЧ', 0, 1, 1, 0, 1, 0, 1, 0, 1, 1, 1, 1, 1, 1, 1, 1, 1, 1, 1, 1, 1, 1, 1, 1, 1, 1, 1, 1, 0, 1, '00:06:00', '29.06.2017'),
(88, 6, 1, 'Джартыбаев Сырым Тлеуханович', 1, 1, 1, 1, 1, 1, 1, 1, 1, 1, 1, 1, 1, 1, 1, 1, 1, 1, 1, 1, 1, 1, 1, 1, 1, 0, 1, 1, 1, 1, '00:07:52', '29.06.2017'),
(89, 6, 2, 'Лебедева Валентина Ильинична', 1, 1, 0, 0, 0, 0, 0, 0, 1, 1, 1, 1, 1, 1, 0, 1, 1, 1, 1, 0, 1, 0, 1, 1, 1, 1, 1, 1, 0, 1, '00:10:10', '29.06.2017'),
(90, 6, 2, 'Смагулова Гульнара Шариповна', 0, 1, 0, 0, 1, 1, 1, 1, 0, 1, 0, 0, 1, 1, 1, 0, 0, 1, 1, 1, 0, 0, 1, 1, 0, 1, 1, 0, 0, 0, '00:11:27', '29.06.2017'),
(91, 6, 2, 'Кенжебаева Таттыгуль Бекбалтиновна', 1, 0, 1, 1, 0, 0, 0, 1, 1, 1, 0, 0, 1, 1, 0, 1, 1, 1, 0, 0, 1, 0, 1, 1, 1, 1, 1, 1, 1, 1, '00:13:31', '29.06.2017'),
(92, 6, 2, 'Жумадилов Булат Зулхарнаевич', 0, 1, 1, 0, 0, 1, 0, 1, 0, 0, 1, 0, 1, 1, 1, 1, 1, 1, 0, 1, 0, 1, 0, 1, 0, 1, 0, 1, 0, 0, '00:15:00', '29.06.2017'),
(93, 6, 2, 'Сулейменов Ерсаин Кенжетаевич ', 1, 0, 1, 0, 1, 1, 0, 1, 1, 0, 1, 1, 1, 0, 1, 0, 0, 1, 1, 1, 1, 0, 1, 1, 1, 1, 1, 1, 1, 1, '00:09:17', '29.06.2017'),
(94, 6, 1, 'Байжуманов Петр Викторолвич', 1, 0, 0, 0, 1, 0, 0, 0, 0, 1, 0, 1, 1, 1, 1, 1, 1, 0, 0, 0, 1, 1, 1, 1, 0, 1, 1, 1, 1, 1, '00:07:45', '29.06.2017'),
(95, 6, 2, 'Клименко Светлана Николаевна', 1, 1, 1, 1, 0, 1, 1, 1, 1, 1, 1, 0, 1, 1, 1, 1, 1, 1, 1, 1, 1, 1, 1, 1, 1, 1, 0, 1, 0, 1, '00:09:17', '29.06.2017'),
(96, 6, 1, 'Иванова Марина Васильевна', 0, 0, 0, 0, 1, 0, 1, 1, 1, 1, 1, 1, 1, 0, 0, 0, 0, 0, 0, 1, 0, 0, 1, 0, 0, 0, 0, 0, 1, 1, '00:12:09', '29.06.2017'),
(97, 6, 1, 'мицкевич с в', 1, 1, 1, 1, 1, 1, 1, 1, 1, 1, 1, 1, 1, 1, 0, 0, 1, 0, 1, 1, 1, 1, 0, 0, 1, 1, 1, 1, 1, 1, '00:06:01', '29.06.2017'),
(98, 6, 2, 'Екимова Анна Владимировна', 0, 0, 1, 1, 1, 0, 1, 0, 1, 1, 0, 1, 1, 1, 1, 1, 1, 1, 1, 1, 1, 0, 1, 0, 0, 1, 0, 1, 1, 1, '00:06:38', '29.06.2017'),
(99, 6, 1, 'головко виталий и', 1, 0, 0, 1, 1, 0, 1, 0, 0, 1, 0, 1, 1, 0, 0, 1, 1, 1, 0, 0, 0, 1, 0, 1, 0, 1, 1, 0, 1, 1, '00:15:00', '29.06.2017'),
(100, 6, 1, 'попова лариса николаевна', 1, 1, 1, 1, 1, 0, 1, 1, 1, 1, 1, 0, 1, 1, 1, 1, 1, 1, 1, 0, 0, 1, 1, 0, 1, 1, 0, 1, 1, 0, '00:11:20', '29.06.2017'),
(101, 6, 2, 'садыков бекен жаркенович', 0, 1, 1, 1, 1, 1, 0, 0, 1, 0, 0, 1, 1, 0, 1, 1, 0, 0, 1, 1, 0, 1, 0, 1, 1, 0, 1, 1, 1, 1, '00:14:17', '29.06.2017'),
(102, 6, 1, 'Мыналимова Гульжпйнат Жазитовна', 1, 1, 0, 0, 1, 0, 1, 0, 1, 1, 1, 0, 1, 1, 1, 1, 1, 1, 1, 1, 1, 1, 1, 1, 0, 1, 1, 1, 1, 0, '00:15:00', '29.06.2017'),
(103, 6, 2, 'Булумбаев Ардак Каирбергенович', 0, 1, 1, 1, 0, 1, 1, 1, 0, 0, 1, 1, 0, 0, 1, 1, 1, 1, 1, 1, 0, 1, 0, 0, 0, 1, 1, 1, 1, 1, '00:15:00', '29.06.2017'),
(104, 6, 2, 'тулепбергенова с', 0, 1, 1, 1, 1, 1, 0, 0, 1, 1, 1, 1, 0, 1, 1, 1, 1, 0, 1, 0, 1, 0, 1, 0, 1, 1, 1, 1, 0, 1, '00:14:16', '29.06.2017'),
(105, 6, 1, 'лабутин александр владимирович', 1, 1, 1, 1, 1, 1, 0, 0, 0, 1, 1, 1, 0, 1, 0, 1, 1, 1, 0, 0, 1, 0, 1, 0, 1, 0, 0, 0, 0, 0, '00:09:08', '29.06.2017'),
(106, 6, 1, 'Казакевич Евгений Александрович', 1, 0, 0, 1, 1, 1, 0, 1, 1, 0, 0, 1, 1, 1, 0, 0, 0, 1, 0, 0, 1, 1, 1, 1, 1, 1, 1, 0, 0, 0, '00:09:08', '29.06.2017'),
(107, 6, 2, 'Командик Татьяна Денисовна', 1, 0, 1, 0, 1, 1, 1, 1, 0, 1, 1, 1, 1, 0, 0, 0, 0, 1, 1, 1, 0, 1, 0, 0, 0, 1, 0, 0, 1, 1, '00:09:56', '21.07.2017'),
(108, 6, 2, 'Шотанова Мадина Дюсенбаевна', 1, 1, 1, 0, 0, 1, 1, 0, 0, 1, 1, 1, 1, 0, 1, 1, 1, 1, 1, 1, 1, 1, 0, 1, 1, 1, 1, 0, 1, 1, '00:10:18', '29.06.2017'),
(109, 6, 1, 'есимханов ернар канзадинович', 0, 1, 0, 0, 0, 0, 0, 0, 0, 1, 0, 1, 1, 1, 0, 1, 0, 0, 1, 0, 0, 1, 0, 1, 0, 1, 1, 0, 1, 1, '00:14:10', '29.06.2017'),
(110, 6, 2, 'битин Ерлан Манарбекович', 1, 0, 1, 1, 1, 1, 1, 1, 1, 1, 1, 0, 0, 1, 1, 1, 1, 0, 1, 1, 1, 1, 0, 1, 1, 0, 1, 1, 1, 1, '00:14:42', '29.06.2017'),
(111, 6, 2, 'Асамбаев Асен Жетпысбаевич', 1, 1, 0, 1, 0, 1, 1, 0, 0, 1, 0, 1, 0, 1, 1, 1, 1, 0, 1, 1, 1, 1, 0, 0, 1, 1, 1, 1, 0, 1, '00:08:24', '29.06.2017'),
(112, 6, 2, 'куанбаева Забира Султановна', 0, 1, 1, 1, 0, 1, 0, 0, 1, 1, 1, 0, 0, 1, 1, 1, 1, 0, 1, 1, 1, 1, 1, 0, 0, 1, 0, 1, 0, 0, '00:15:00', '29.06.2017'),
(113, 6, 2, 'Шапкенова Жумабике Бакаевна ', 1, 1, 1, 1, 1, 1, 1, 0, 1, 1, 1, 1, 1, 1, 0, 1, 1, 1, 1, 1, 0, 1, 1, 1, 0, 0, 1, 0, 1, 1, '00:13:30', '29.06.2017'),
(114, 6, 2, 'бухарбаева салтанат турсунбаевна', 1, 1, 1, 1, 0, 1, 0, 1, 1, 1, 0, 0, 1, 1, 1, 1, 1, 1, 0, 1, 1, 0, 1, 0, 0, 1, 1, 1, 1, 1, '00:15:00', '29.06.2017'),
(115, 6, 2, 'Авазбакиев Рифхат Анатольевич ', 1, 1, 1, 1, 0, 1, 0, 1, 1, 1, 0, 1, 1, 1, 1, 1, 1, 0, 1, 1, 1, 0, 0, 0, 0, 0, 0, 0, 0, 0, '00:15:00', '29.06.2017'),
(116, 6, 1, 'есимханов ернар канзадинович', 1, 0, 0, 0, 0, 1, 0, 0, 0, 1, 1, 0, 0, 0, 1, 0, 1, 1, 0, 1, 1, 1, 0, 0, 1, 0, 0, 1, 0, 1, '00:11:35', '29.06.2017'),
(117, 6, 1, 'Иванова Марина', 1, 1, 1, 1, 1, 0, 1, 1, 0, 1, 1, 0, 1, 0, 1, 1, 1, 1, 1, 0, 1, 1, 0, 1, 1, 1, 1, 1, 0, 1, '00:12:30', '29.06.2017'),
(118, 6, 1, 'головко виталий владимирович', 1, 1, 1, 0, 1, 1, 0, 1, 1, 0, 1, 1, 1, 1, 1, 0, 1, 0, 0, 0, 1, 1, 1, 1, 1, 0, 1, 0, 1, 1, '00:13:08', '29.06.2017'),
(119, 6, 2, 'Авазбакиев Рифхат Анатольевич ', 1, 1, 1, 1, 0, 1, 1, 1, 0, 0, 0, 1, 0, 1, 1, 1, 1, 1, 1, 1, 1, 1, 1, 1, 1, 1, 0, 1, 1, 1, '00:14:46', '29.06.2017'),
(120, 6, 2, 'Айсакова Баглан Ельтаевна', 1, 1, 1, 0, 0, 0, 1, 1, 0, 0, 0, 1, 1, 1, 1, 0, 1, 1, 0, 1, 0, 1, 1, 0, 1, 0, 1, 1, 1, 1, '00:10:19', '29.06.2017'),
(121, 6, 2, 'Смагулова Гульнара Шариповна', 1, 1, 1, 1, 1, 1, 0, 1, 1, 0, 1, 0, 1, 1, 1, 1, 0, 1, 0, 0, 1, 1, 1, 1, 0, 1, 1, 1, 1, 1, '00:12:52', '29.06.2017'),
(122, 6, 2, 'Жумадилов Булат Зулхарнаевич', 1, 1, 1, 1, 1, 1, 1, 0, 1, 1, 1, 1, 1, 0, 1, 0, 1, 1, 1, 1, 0, 1, 0, 1, 0, 1, 0, 0, 0, 1, '00:11:04', '29.06.2017'),
(123, 6, 2, 'Макимов Женис Ныгметоллаевич', 1, 1, 1, 0, 0, 1, 1, 0, 1, 0, 1, 1, 0, 1, 0, 1, 0, 1, 1, 1, 1, 0, 1, 1, 1, 0, 1, 0, 1, 1, '00:10:09', '29.06.2017'),
(124, 6, 2, 'писаревская евгения александровна', 1, 1, 0, 1, 1, 1, 1, 1, 0, 1, 1, 1, 1, 1, 1, 0, 0, 1, 0, 0, 1, 1, 1, 1, 1, 1, 0, 1, 1, 1, '00:11:25', '29.06.2017'),
(125, 6, 2, 'лабутин александр владимирович', 1, 0, 0, 0, 1, 1, 1, 1, 1, 1, 1, 0, 1, 0, 1, 1, 1, 0, 1, 1, 1, 1, 1, 1, 0, 1, 1, 0, 0, 0, '00:14:29', '29.06.2017'),
(126, 0, 0, '', 0, 0, 0, 0, 0, 0, 0, 0, 0, 0, 0, 0, 0, 0, 0, 0, 0, 0, 0, 0, 0, 0, 0, 0, 0, 0, 0, 0, 0, 0, '00:15:00', '04.07.2017'),
(127, 0, 0, '', 0, 0, 0, 0, 0, 0, 0, 0, 0, 0, 0, 0, 0, 0, 0, 0, 0, 0, 0, 0, 0, 0, 0, 0, 0, 0, 0, 0, 0, 0, '00:15:00', '05.07.2017'),
(128, 7, 2, 'Жаканова Дамегуль Жакановна', 0, 0, 1, 1, 1, 1, 1, 0, 0, 1, 1, 1, 1, 1, 1, 1, 1, 1, 1, 1, 1, 1, 1, 1, 1, 1, 1, 0, 1, 1, '00:05:58', '21.07.2017'),
(129, 7, 2, 'Бикеев Асет Юрьевич', 0, 1, 1, 1, 0, 0, 1, 1, 1, 1, 1, 0, 1, 1, 1, 1, 0, 1, 1, 1, 0, 1, 0, 1, 1, 1, 1, 1, 0, 1, '00:09:31', '21.07.2017'),
(130, 7, 2, 'Моменжанов Досым Владимирович', 1, 0, 0, 0, 1, 1, 1, 0, 0, 1, 0, 1, 1, 0, 0, 0, 0, 0, 0, 1, 1, 1, 1, 0, 1, 1, 0, 1, 1, 1, '00:10:11', '21.07.2017'),
(131, 7, 1, 'Штиль Виталий Валерьевич', 0, 1, 1, 1, 1, 0, 1, 0, 1, 1, 1, 1, 1, 1, 1, 1, 1, 1, 1, 1, 0, 0, 1, 0, 1, 1, 0, 1, 0, 0, '00:10:16', '21.07.2017'),
(132, 7, 2, 'Абишев Мейрам Толебаевич', 1, 0, 1, 1, 1, 1, 0, 1, 0, 1, 1, 1, 1, 0, 1, 0, 0, 1, 1, 1, 0, 0, 1, 1, 1, 1, 1, 1, 1, 1, '00:10:22', '21.07.2017'),
(133, 7, 1, 'Янтуховский Игорь Анатольевич', 1, 0, 1, 1, 1, 1, 1, 0, 1, 0, 1, 0, 1, 1, 1, 0, 1, 1, 1, 1, 1, 1, 1, 1, 1, 1, 1, 1, 1, 1, '00:10:53', '21.07.2017'),
(134, 7, 2, 'Арынов Ермек Баезович', 1, 1, 1, 1, 1, 0, 1, 0, 1, 1, 1, 1, 1, 1, 1, 0, 0, 1, 1, 0, 1, 1, 0, 1, 1, 1, 1, 1, 0, 1, '00:10:47', '21.07.2017'),
(135, 7, 2, 'Сейтказин Бекболат Барлыбаевич', 1, 0, 1, 1, 1, 1, 1, 1, 1, 1, 1, 1, 1, 1, 1, 1, 1, 1, 1, 1, 1, 1, 1, 1, 1, 1, 1, 1, 1, 1, '00:05:11', '21.07.2017'),
(136, 7, 2, 'Алькенова  Кульбаршын  Рахимовна', 1, 1, 1, 1, 1, 1, 0, 1, 1, 0, 1, 0, 1, 1, 1, 1, 0, 1, 1, 1, 1, 1, 1, 1, 0, 1, 1, 1, 1, 0, '00:07:13', '21.07.2017'),
(137, 7, 2, 'Казакевич Евгений Александрович', 1, 1, 1, 1, 1, 1, 1, 1, 1, 1, 1, 0, 1, 0, 1, 0, 1, 1, 1, 1, 1, 1, 0, 1, 0, 1, 1, 1, 1, 1, '00:10:46', '29.06.2017'),
(138, 7, 2, 'Оразбаев Асылбулат Елемесович', 0, 1, 1, 1, 1, 0, 1, 0, 0, 1, 1, 1, 1, 1, 1, 0, 1, 0, 1, 0, 0, 1, 0, 1, 1, 1, 1, 1, 1, 1, '00:11:08', '21.07.2017'),
(139, 7, 2, 'Касымов Темирбулат Каскырбаевич ', 1, 1, 0, 1, 1, 0, 1, 1, 1, 0, 0, 1, 1, 0, 1, 1, 1, 1, 1, 1, 1, 1, 0, 1, 0, 1, 1, 0, 1, 1, '00:10:48', '21.07.2017'),
(140, 7, 1, 'АЛИМБАЕВ ОРАЛ ТЕМИРТАЕВИЧ', 1, 1, 1, 0, 1, 0, 1, 1, 0, 1, 0, 0, 1, 1, 1, 0, 1, 1, 0, 1, 1, 0, 1, 1, 1, 0, 1, 0, 1, 1, '00:11:04', '21.07.2017'),
(141, 7, 1, 'Мошков Артём Алексеевич', 1, 1, 1, 0, 1, 1, 1, 1, 1, 1, 1, 1, 0, 1, 1, 1, 1, 1, 0, 1, 1, 1, 1, 0, 0, 1, 1, 1, 1, 1, '00:13:48', '21.07.2017'),
(142, 7, 1, 'Жукин Данияр Куандыкович', 1, 0, 1, 1, 1, 1, 1, 0, 1, 1, 1, 1, 0, 0, 1, 1, 1, 1, 1, 1, 1, 1, 1, 1, 1, 1, 1, 0, 1, 1, '00:09:13', '21.07.2017'),
(143, 7, 2, 'Сарымова Шолпан Нурумкановна', 1, 1, 1, 1, 0, 0, 1, 0, 0, 0, 1, 1, 1, 1, 1, 0, 1, 1, 1, 1, 1, 1, 0, 1, 0, 1, 0, 1, 1, 1, '00:08:25', '21.07.2017'),
(144, 7, 1, 'матухов константин павлович', 1, 1, 1, 1, 1, 1, 1, 1, 0, 1, 1, 1, 1, 1, 0, 1, 1, 0, 1, 1, 1, 1, 1, 1, 1, 0, 1, 1, 1, 1, '00:05:15', '21.07.2017'),
(145, 7, 2, 'Борис Анна Ивановна ', 1, 1, 1, 1, 1, 1, 0, 0, 0, 0, 1, 1, 1, 1, 1, 1, 1, 0, 1, 1, 1, 1, 1, 1, 0, 0, 1, 1, 0, 1, '00:09:23', '21.07.2017'),
(146, 7, 1, 'Герт Егор Витальевич', 1, 1, 1, 1, 1, 1, 1, 1, 1, 1, 1, 1, 1, 1, 1, 1, 1, 1, 1, 0, 0, 1, 1, 1, 1, 1, 1, 1, 1, 1, '00:09:05', '21.07.2017'),
(147, 7, 1, 'филипьев олег накиповичь', 1, 1, 1, 1, 0, 1, 1, 1, 1, 1, 1, 1, 1, 1, 1, 1, 1, 1, 0, 1, 1, 1, 0, 1, 1, 1, 1, 1, 1, 1, '00:12:39', '21.07.2017'),
(148, 7, 2, 'Курманалиева Гульжамал Есенжановна', 1, 1, 1, 1, 1, 1, 1, 1, 1, 1, 0, 0, 1, 0, 1, 1, 1, 1, 0, 1, 1, 1, 1, 1, 1, 0, 1, 1, 1, 1, '00:13:16', '21.07.2017'),
(149, 7, 2, 'Алдушина Галина Владимировна', 0, 1, 1, 1, 1, 1, 1, 0, 1, 1, 1, 1, 1, 1, 1, 1, 1, 1, 1, 0, 1, 0, 1, 1, 1, 1, 1, 0, 1, 1, '00:11:43', '21.07.2017'),
(150, 7, 2, 'Жолдасов Диас Султанович', 1, 1, 1, 1, 1, 0, 0, 1, 0, 1, 0, 1, 1, 1, 1, 0, 0, 0, 1, 1, 0, 1, 1, 0, 1, 1, 0, 0, 1, 1, '00:07:26', '21.07.2017'),
(151, 7, 2, 'Бурдамака Марина Семеновна ', 0, 1, 1, 1, 1, 1, 1, 1, 1, 1, 1, 0, 0, 1, 1, 1, 1, 1, 0, 1, 0, 1, 1, 1, 0, 0, 1, 1, 1, 1, '00:09:25', '21.07.2017'),
(152, 7, 2, 'Елубаева Роза Тлеубековна ', 1, 1, 1, 1, 1, 1, 0, 0, 1, 1, 0, 1, 1, 1, 1, 1, 1, 1, 0, 1, 1, 1, 1, 1, 1, 1, 1, 1, 0, 1, '00:14:21', '21.07.2017'),
(153, 7, 1, 'филипоненко алексей влодимерович ', 1, 1, 0, 1, 0, 0, 1, 1, 0, 1, 1, 1, 1, 1, 1, 1, 1, 1, 1, 0, 0, 1, 1, 1, 1, 1, 1, 0, 0, 1, '00:08:16', '21.07.2017'),
(154, 7, 2, 'Моменжанов Досым Владимирович', 0, 0, 0, 0, 1, 0, 1, 1, 1, 1, 0, 1, 1, 0, 1, 1, 1, 1, 0, 0, 1, 0, 1, 0, 1, 1, 1, 0, 1, 0, '00:11:15', '21.07.2017'),
(155, 7, 2, 'Исакаев Ербол Маратович', 1, 1, 1, 0, 1, 0, 0, 1, 1, 0, 0, 1, 1, 1, 1, 1, 1, 0, 1, 1, 1, 1, 1, 1, 1, 0, 1, 1, 1, 0, '00:08:08', '21.07.2017'),
(156, 7, 2, 'Рашат Нурлан', 1, 1, 0, 0, 0, 1, 1, 1, 0, 1, 1, 0, 1, 1, 0, 1, 0, 1, 1, 1, 1, 1, 1, 1, 1, 1, 0, 1, 0, 1, '00:09:31', '21.07.2017'),
(157, 0, 0, '', 0, 0, 0, 0, 0, 0, 0, 0, 0, 0, 0, 0, 0, 0, 0, 0, 0, 0, 0, 0, 0, 0, 0, 0, 0, 0, 0, 0, 0, 0, '00:15:00', '30.07.2017'),
(158, 4, 2, 'кАЛИЕВ Серик Касенович ', 0, 1, 1, 0, 1, 0, 1, 0, 0, 0, 1, 1, 1, 1, 1, 1, 0, 1, 0, 0, 0, 0, 1, 1, 1, 1, 0, 1, 1, 1, '00:09:09', '18.08.2017'),
(159, 4, 1, 'Сергиенко Лариса Анатольевна', 0, 1, 0, 1, 1, 1, 1, 1, 1, 1, 1, 1, 1, 1, 1, 0, 1, 1, 1, 1, 1, 1, 1, 1, 1, 0, 1, 1, 1, 1, '00:09:01', '18.08.2017'),
(160, 4, 2, 'Шкулова Валентина Евгеньевна', 1, 1, 1, 1, 1, 1, 0, 1, 1, 1, 0, 0, 1, 1, 1, 1, 1, 1, 0, 1, 1, 1, 1, 1, 1, 1, 1, 1, 1, 1, '00:09:18', '18.08.2017'),
(161, 4, 1, 'Кусаинова Махаббат Каиргалиевна', 1, 1, 0, 1, 1, 1, 1, 1, 1, 1, 1, 1, 1, 1, 1, 1, 1, 1, 0, 1, 0, 1, 1, 1, 0, 1, 1, 1, 1, 1, '00:10:32', '18.08.2017'),
(162, 4, 1, 'Сергиенко Николай Николаевич ', 0, 0, 1, 0, 0, 0, 0, 1, 0, 0, 1, 1, 1, 0, 1, 0, 1, 1, 1, 1, 0, 1, 1, 1, 1, 0, 1, 1, 1, 0, '00:11:45', '18.08.2017'),
(163, 4, 2, 'БАТАЛОВ АБУЖАР КАЛИЕВИЧ', 0, 1, 0, 1, 1, 1, 0, 0, 0, 1, 1, 1, 1, 1, 1, 1, 1, 1, 1, 1, 1, 0, 0, 1, 1, 1, 1, 0, 1, 1, '00:14:11', '18.08.2017'),
(164, 4, 1, 'КАШАЛАПОВА СВЕТЛАНА СЕРГЕЕВНА', 0, 1, 1, 1, 1, 1, 1, 1, 1, 1, 1, 0, 1, 1, 1, 1, 1, 1, 0, 0, 1, 1, 0, 1, 1, 1, 1, 1, 1, 1, '00:08:06', '18.08.2017'),
(165, 4, 1, 'Ильина Галина Вячеславовна', 1, 1, 1, 0, 1, 1, 1, 1, 1, 1, 1, 1, 1, 1, 1, 1, 1, 1, 1, 1, 0, 0, 1, 1, 1, 0, 0, 1, 0, 1, '00:08:21', '18.08.2017'),
(166, 4, 1, 'Сагаль Валерий Георгиевич', 1, 1, 1, 1, 1, 1, 0, 1, 1, 0, 1, 1, 1, 1, 1, 1, 0, 1, 1, 1, 1, 0, 0, 1, 1, 1, 1, 1, 1, 1, '00:11:52', '18.08.2017'),
(167, 4, 1, 'ВАЛЬНЕР ЕЛЕНА НИКОЛАЕВНА', 1, 1, 1, 1, 0, 1, 0, 1, 0, 1, 1, 1, 1, 0, 1, 1, 0, 0, 1, 0, 1, 0, 1, 0, 1, 1, 1, 1, 1, 1, '00:12:05', '18.08.2017'),
(168, 4, 1, 'КУЧЕРУК АЛЕКСЕЙ НИКОЛАЕВИЧ', 1, 1, 1, 1, 0, 1, 1, 1, 0, 0, 1, 1, 1, 0, 0, 0, 1, 1, 1, 1, 1, 0, 1, 0, 1, 1, 1, 1, 1, 0, '00:12:31', '18.08.2017'),
(169, 4, 1, 'ЖУМАНАЕВ РАШИД ЕРЛАНОВИЧ', 0, 0, 1, 1, 0, 1, 1, 0, 1, 0, 1, 0, 0, 1, 1, 1, 1, 1, 1, 0, 1, 1, 1, 1, 0, 1, 0, 1, 0, 0, '00:11:20', '18.08.2017'),
(170, 4, 1, 'Сергиенко Алексей Николаевич', 1, 1, 0, 0, 0, 1, 1, 1, 1, 1, 0, 1, 1, 1, 1, 1, 1, 1, 1, 0, 1, 1, 0, 1, 1, 0, 1, 1, 1, 1, '00:12:54', '18.08.2017'),
(171, 4, 1, 'Виниченко Светлана Игоревна', 0, 0, 1, 1, 1, 1, 0, 1, 0, 0, 1, 1, 0, 1, 1, 1, 1, 1, 1, 1, 0, 0, 1, 1, 1, 0, 1, 1, 1, 1, '00:08:35', '18.08.2017'),
(172, 4, 1, 'СМЕКАЛКИНА АНАСТАСИЯ ОЛЕГОВНА', 1, 1, 1, 1, 1, 1, 1, 0, 1, 1, 0, 1, 1, 1, 1, 1, 1, 0, 1, 1, 1, 0, 0, 1, 1, 1, 0, 1, 1, 1, '00:09:55', '18.08.2017'),
(173, 4, 2, 'Кожанова Жанар Бекеновна', 0, 0, 1, 0, 1, 0, 0, 0, 1, 1, 1, 0, 1, 1, 1, 1, 1, 0, 1, 1, 1, 1, 0, 1, 0, 1, 1, 1, 1, 0, '00:12:25', '18.08.2017'),
(174, 4, 2, 'мищанова Аякоз Курамысовна', 1, 1, 0, 0, 1, 1, 1, 1, 1, 1, 1, 1, 0, 1, 0, 1, 1, 0, 1, 0, 1, 0, 1, 0, 1, 1, 1, 1, 0, 1, '00:13:38', '18.08.2017'),
(175, 4, 2, 'ТЮЛЮБАЕВА АКБИДАШ КАЙРУЛЛИНОВНА', 1, 1, 1, 1, 1, 1, 1, 1, 1, 0, 0, 1, 1, 1, 1, 0, 1, 1, 1, 1, 1, 1, 1, 1, 0, 1, 1, 0, 0, 1, '00:13:02', '18.08.2017'),
(176, 4, 1, 'КРАВЦОВА ТАТЬЯНА АЛЕКСАНДРОВЕА', 1, 0, 1, 0, 1, 1, 1, 1, 1, 1, 1, 0, 1, 1, 1, 1, 0, 1, 1, 1, 1, 0, 1, 1, 1, 1, 1, 1, 1, 1, '00:13:43', '18.08.2017'),
(177, 4, 1, 'Энгельс Оксана Арсентьевна', 0, 1, 0, 1, 0, 1, 1, 0, 0, 1, 1, 1, 1, 1, 1, 1, 1, 1, 1, 1, 1, 0, 1, 1, 0, 1, 1, 1, 0, 1, '00:05:45', '18.08.2017'),
(178, 4, 2, 'брижан светлана ивановна', 1, 1, 0, 0, 1, 0, 0, 0, 1, 0, 0, 1, 1, 0, 1, 0, 1, 1, 1, 0, 1, 1, 0, 1, 1, 0, 1, 0, 1, 0, '00:15:00', '18.08.2017'),
(179, 4, 1, 'дударев николай леонидович', 1, 1, 0, 1, 1, 0, 0, 0, 1, 1, 1, 1, 1, 0, 1, 1, 1, 1, 0, 1, 1, 1, 1, 0, 1, 1, 1, 1, 1, 1, '00:09:51', '18.08.2017'),
(180, 4, 1, 'ДРЕВОВА НАДЕЖДА ВЛАДИМИРОВНА', 1, 1, 1, 1, 1, 1, 1, 0, 1, 1, 1, 1, 1, 1, 1, 1, 1, 0, 1, 1, 1, 0, 1, 1, 0, 1, 1, 0, 1, 1, '00:10:56', '18.08.2017'),
(181, 4, 1, 'БОРОВИКОВ МАКСИМ МИХАЙЛОВИЧ', 1, 1, 0, 1, 1, 1, 1, 1, 1, 1, 1, 1, 0, 0, 1, 1, 1, 1, 1, 1, 1, 0, 1, 1, 1, 1, 1, 1, 1, 1, '00:06:01', '18.08.2017'),
(182, 4, 2, 'Еремин Дмитрий Сергеевич', 0, 1, 1, 0, 1, 1, 1, 1, 1, 1, 0, 0, 1, 1, 1, 1, 1, 1, 0, 1, 1, 0, 0, 1, 0, 0, 0, 0, 1, 0, '00:14:43', '18.08.2017'),
(183, 0, 0, '', 0, 0, 0, 0, 0, 0, 0, 0, 0, 0, 0, 0, 0, 0, 0, 0, 0, 0, 0, 0, 0, 0, 0, 0, 0, 0, 0, 0, 0, 0, '00:15:00', '18.08.2017'),
(184, 4, 1, 'ШИЛОНОСОВ ВАДИМ МИХАЙЛОВИЧ', 0, 1, 1, 1, 1, 1, 1, 0, 1, 1, 1, 1, 1, 1, 1, 1, 1, 0, 1, 1, 1, 1, 1, 1, 1, 1, 0, 1, 0, 1, '00:13:34', '18.08.2017'),
(185, 4, 2, 'Косдаулетова Айман Мухамедкалымовна', 1, 1, 1, 1, 1, 1, 1, 1, 0, 1, 1, 0, 1, 0, 1, 1, 1, 1, 1, 0, 0, 1, 1, 0, 0, 1, 1, 1, 0, 1, '00:05:55', '18.08.2017'),
(186, 4, 1, 'Мачнева Людмила Геннадьевна', 1, 1, 0, 0, 1, 0, 1, 1, 1, 0, 0, 1, 0, 1, 0, 1, 1, 1, 1, 1, 0, 1, 1, 0, 0, 1, 1, 1, 0, 0, '00:13:08', '18.08.2017'),
(187, 4, 2, 'НЕБОЛЬСИН ГЕННАДИЙ ВАСИЛЬЕВИЧ', 1, 1, 1, 1, 1, 1, 1, 1, 1, 0, 1, 1, 1, 1, 1, 1, 1, 1, 1, 1, 1, 1, 1, 1, 1, 1, 1, 1, 0, 1, '00:09:42', '18.08.2017'),
(188, 4, 2, 'ЗУБРИЙ МАРИНА ВЛАДИМИРОВНА', 0, 0, 1, 1, 0, 1, 1, 1, 1, 0, 1, 1, 1, 1, 1, 0, 1, 1, 0, 1, 1, 1, 1, 1, 1, 1, 1, 1, 1, 1, '00:10:41', '18.08.2017'),
(189, 4, 2, 'ДЖУМАДИЛОВА   ЖАНЫЛСЫН САКАЕВНА', 1, 1, 1, 1, 1, 0, 1, 1, 1, 1, 1, 1, 1, 1, 0, 1, 0, 1, 1, 1, 1, 1, 1, 1, 1, 0, 1, 0, 1, 1, '00:08:26', '18.08.2017'),
(190, 4, 1, 'насирова рафига ханкишивна', 1, 0, 1, 1, 0, 0, 1, 1, 1, 1, 1, 1, 1, 0, 1, 1, 1, 1, 1, 1, 1, 0, 1, 1, 1, 1, 1, 1, 1, 0, '00:11:51', '18.08.2017'),
(191, 4, 2, 'кононенко петр иванович', 0, 1, 0, 1, 1, 1, 1, 1, 1, 1, 1, 1, 1, 1, 1, 1, 0, 0, 1, 1, 1, 1, 1, 0, 0, 0, 0, 0, 0, 0, '00:15:00', '18.08.2017'),
(192, 4, 2, 'ХАЦИЕВ АНЗОР ЗАИНДИЕВИЧ', 0, 0, 0, 1, 0, 0, 0, 0, 0, 0, 1, 0, 1, 1, 1, 0, 0, 1, 0, 1, 1, 0, 1, 0, 0, 0, 1, 0, 0, 1, '00:08:14', '18.08.2017'),
(193, 9, 2, 'Жанара ', 1, 1, 0, 0, 0, 1, 0, 0, 0, 1, 0, 0, 0, 0, 0, 0, 0, 0, 0, 0, 0, 0, 0, 1, 0, 0, 0, 0, 1, 0, '00:59:25', '26.08.2017'),
(194, 0, 0, '', 0, 0, 0, 0, 0, 0, 0, 0, 0, 0, 0, 0, 0, 0, 0, 0, 0, 0, 0, 0, 0, 0, 0, 0, 0, 0, 0, 0, 0, 0, '00:15:00', '26.08.2017'),
(195, 9, 1, 'Кравчук Александр', 0, 1, 1, 1, 0, 0, 0, 0, 0, 1, 0, 0, 0, 0, 0, 0, 0, 0, 0, 0, 0, 0, 0, 0, 0, 0, 0, 0, 0, 1, '00:59:43', '26.08.2017'),
(196, 0, 0, '', 0, 0, 0, 0, 0, 0, 0, 0, 0, 0, 0, 0, 0, 0, 0, 0, 0, 0, 0, 0, 0, 0, 0, 0, 0, 0, 0, 0, 0, 0, '00:15:00', '30.08.2017'),
(197, 10, 2, 'Ныгметов Марат Жанатович ', 0, 1, 0, 1, 0, 1, 1, 1, 0, 1, 1, 1, 0, 0, 0, 1, 1, 1, 1, 1, 0, 0, 1, 1, 0, 1, 1, 1, 1, 0, '00:07:44', '14.09.2017'),
(198, 10, 1, 'Снигирёв Александр Евгеньевич', 1, 1, 1, 1, 1, 1, 1, 1, 1, 1, 1, 1, 0, 1, 1, 1, 1, 1, 1, 1, 1, 1, 1, 1, 1, 1, 1, 1, 1, 0, '00:03:56', '15.09.2017'),
(199, 10, 2, 'Балтабаева Шара Имантаевна', 0, 0, 0, 0, 1, 0, 0, 0, 0, 1, 0, 1, 1, 1, 1, 0, 0, 0, 1, 1, 1, 0, 1, 1, 0, 0, 1, 0, 1, 1, '00:07:03', '15.09.2017'),
(200, 10, 2, 'Курилко Инна Владимировна ', 1, 0, 0, 1, 1, 1, 1, 1, 1, 1, 0, 1, 1, 1, 1, 1, 1, 1, 1, 1, 1, 1, 1, 1, 1, 0, 1, 1, 0, 1, '00:09:31', '15.09.2017'),
(201, 10, 1, 'Очеретнюк Виктория Львовна', 1, 1, 1, 1, 1, 1, 1, 1, 1, 1, 1, 1, 1, 0, 1, 1, 1, 1, 1, 1, 1, 1, 1, 1, 1, 1, 0, 1, 1, 1, '00:10:30', '15.09.2017'),
(202, 10, 2, 'Ефименко Дмитрий Васильевич', 1, 0, 1, 0, 1, 0, 0, 1, 1, 1, 1, 0, 1, 0, 0, 1, 0, 1, 1, 1, 1, 1, 0, 1, 1, 0, 1, 0, 0, 0, '00:10:55', '15.09.2017'),
(203, 10, 2, 'Балтабаев Еркин Джияншиевич', 1, 1, 1, 1, 1, 1, 1, 1, 1, 1, 1, 1, 1, 1, 1, 1, 1, 1, 1, 1, 1, 1, 1, 1, 1, 1, 1, 1, 1, 1, '00:03:45', '15.09.2017'),
(204, 10, 2, 'Солтанхан Арыстанбек', 1, 1, 1, 1, 1, 1, 1, 0, 1, 1, 1, 1, 1, 1, 1, 1, 1, 0, 1, 1, 0, 0, 1, 1, 0, 1, 0, 1, 0, 0, '00:12:25', '15.09.2017'),
(205, 10, 2, 'Хациев Анзор Зайндиевич', 0, 1, 1, 0, 1, 0, 1, 0, 1, 0, 0, 0, 1, 0, 1, 1, 1, 0, 0, 1, 1, 1, 0, 0, 0, 1, 0, 0, 0, 0, '00:12:50', '15.09.2017'),
(206, 10, 2, 'рахимов бексултан жакенович', 1, 1, 1, 1, 1, 1, 1, 0, 1, 0, 0, 1, 1, 1, 0, 1, 0, 1, 1, 0, 1, 1, 1, 0, 1, 1, 1, 0, 1, 1, '00:11:42', '15.09.2017'),
(207, 10, 2, 'Баймагамбетов Сагындык Калыкович', 1, 1, 1, 1, 1, 1, 1, 0, 1, 1, 1, 1, 1, 0, 1, 1, 0, 1, 1, 1, 1, 1, 0, 1, 1, 1, 1, 1, 1, 0, '00:11:36', '15.09.2017'),
(208, 10, 2, 'Мягкова Ольга Иустиновна', 0, 0, 1, 0, 1, 1, 1, 0, 1, 1, 1, 1, 1, 1, 1, 0, 1, 1, 1, 0, 1, 0, 1, 1, 1, 1, 1, 1, 1, 1, '00:09:25', '15.09.2017'),
(209, 10, 2, 'Айтимбетова Иристы Алибековна', 1, 1, 1, 1, 1, 1, 0, 1, 1, 1, 1, 1, 1, 1, 1, 1, 1, 0, 1, 0, 0, 1, 1, 1, 1, 1, 0, 0, 1, 0, '00:14:10', '15.09.2017'),
(210, 10, 2, 'кириченко юрий васильевич', 1, 1, 1, 1, 1, 0, 0, 0, 1, 1, 1, 0, 1, 1, 0, 1, 0, 0, 0, 1, 0, 0, 1, 1, 1, 1, 0, 1, 1, 1, '00:11:15', '15.09.2017'),
(211, 10, 2, 'Танатар Асем Бимагамбетовна', 1, 1, 0, 0, 1, 1, 1, 0, 1, 0, 0, 0, 1, 1, 1, 1, 1, 0, 1, 0, 1, 1, 0, 1, 0, 1, 1, 0, 0, 0, '00:12:03', '15.09.2017'),
(212, 10, 2, 'брижан светлана ивановна', 1, 0, 0, 1, 1, 0, 1, 1, 1, 1, 0, 1, 1, 0, 1, 0, 0, 1, 0, 0, 0, 1, 1, 1, 1, 1, 0, 0, 1, 1, '00:12:09', '15.09.2017'),
(213, 10, 1, 'Чмых Алексей Алексеевич', 0, 0, 1, 0, 1, 0, 1, 1, 1, 1, 1, 1, 0, 1, 1, 0, 0, 0, 1, 1, 1, 1, 0, 1, 1, 0, 1, 1, 1, 0, '00:05:49', '15.09.2017'),
(214, 10, 2, 'Орумбавеа Динара Жастлековна', 1, 1, 1, 0, 1, 1, 1, 0, 1, 1, 1, 0, 0, 0, 0, 1, 0, 1, 1, 1, 1, 1, 0, 0, 0, 1, 1, 1, 1, 0, '00:15:00', '15.09.2017'),
(215, 10, 1, 'Кабулов  Кабидолла  Сартаевич', 1, 0, 1, 1, 1, 1, 1, 1, 0, 0, 1, 1, 1, 1, 1, 1, 1, 1, 1, 1, 1, 1, 1, 0, 0, 1, 0, 0, 1, 0, '00:15:00', '15.09.2017'),
(216, 10, 2, 'Танатар Асем Бимагамбетовна', 0, 1, 1, 0, 1, 0, 1, 0, 0, 1, 1, 0, 1, 1, 1, 1, 0, 1, 1, 1, 1, 1, 0, 0, 1, 0, 1, 1, 1, 0, '00:08:45', '15.09.2017'),
(217, 10, 2, 'Ефименко Дмитрий Васильевич', 1, 1, 1, 1, 1, 1, 0, 0, 1, 1, 0, 1, 1, 0, 1, 1, 0, 1, 1, 1, 1, 1, 0, 0, 1, 1, 0, 1, 1, 1, '00:08:37', '15.09.2017'),
(218, 11, 2, 'Ахмадова Зауреш Дауленовна', 1, 1, 0, 1, 1, 1, 0, 0, 1, 0, 0, 1, 0, 1, 1, 1, 1, 0, 0, 1, 0, 1, 1, 1, 0, 0, 1, 1, 1, 1, '00:11:32', '28.09.2017'),
(219, 11, 2, 'Крутова Юлия Ильмировна', 0, 1, 1, 1, 1, 1, 1, 1, 1, 1, 1, 1, 1, 1, 1, 1, 1, 1, 1, 1, 1, 1, 1, 1, 1, 1, 1, 1, 1, 1, '00:05:01', '28.09.2017'),
(220, 11, 2, 'Батталов Адильхан Бейсенович', 1, 0, 1, 1, 1, 1, 1, 0, 1, 1, 1, 1, 1, 0, 1, 1, 1, 1, 1, 1, 1, 1, 1, 1, 1, 1, 1, 0, 1, 1, '00:06:28', '28.09.2017'),
(221, 11, 2, 'Шайхина Нуркайша Жагипаровна', 1, 0, 1, 0, 1, 1, 0, 0, 1, 1, 1, 1, 1, 0, 0, 1, 1, 1, 0, 1, 1, 1, 1, 0, 1, 1, 0, 1, 1, 0, '00:11:12', '28.09.2017'),
(222, 11, 2, 'Мулик Ирина Дмитриевна', 1, 1, 1, 1, 1, 1, 1, 1, 0, 1, 0, 1, 1, 1, 1, 1, 1, 1, 1, 1, 1, 1, 1, 1, 1, 0, 1, 1, 1, 1, '00:11:47', '28.09.2017'),
(223, 11, 2, 'Нажмиденова сажида балтабаевна', 1, 1, 1, 1, 1, 1, 1, 1, 1, 1, 1, 1, 1, 1, 1, 1, 1, 1, 1, 1, 1, 1, 0, 1, 1, 1, 1, 1, 1, 1, '00:02:55', '28.09.2017'),
(224, 11, 2, 'Тастембекова Айгуль Амангельдиновна ', 0, 1, 1, 1, 1, 1, 1, 1, 0, 0, 1, 0, 1, 1, 1, 1, 1, 1, 1, 1, 0, 1, 1, 1, 1, 1, 1, 0, 1, 1, '00:14:34', '28.09.2017'),
(225, 11, 2, 'Нургожина Жанара Оралбековна', 1, 1, 0, 1, 1, 0, 1, 0, 1, 1, 1, 1, 0, 0, 1, 1, 1, 1, 1, 1, 1, 1, 1, 1, 1, 1, 0, 1, 1, 1, '00:14:39', '28.09.2017'),
(226, 11, 2, 'Тлеубаев Акберен Муратбекович', 1, 1, 1, 1, 1, 1, 0, 1, 0, 1, 1, 1, 1, 1, 1, 0, 0, 1, 0, 1, 0, 1, 1, 0, 1, 0, 1, 1, 1, 1, '00:15:00', '28.09.2017'),
(227, 11, 2, 'Мишагин Николай Юрьевич', 0, 1, 1, 1, 1, 1, 0, 1, 1, 1, 0, 1, 1, 1, 1, 1, 1, 1, 1, 0, 1, 1, 1, 1, 1, 1, 1, 0, 1, 1, '00:12:31', '28.09.2017'),
(228, 11, 2, 'Новикова Гульнара Сергеевна', 1, 1, 1, 1, 1, 1, 1, 1, 1, 1, 1, 0, 1, 0, 1, 1, 1, 1, 1, 1, 1, 1, 0, 1, 1, 1, 1, 1, 1, 1, '00:09:05', '28.09.2017'),
(229, 11, 2, 'Цимфер Вера Валерьевна', 1, 0, 1, 1, 0, 1, 1, 1, 1, 1, 1, 1, 1, 1, 1, 1, 1, 1, 1, 1, 1, 1, 1, 1, 1, 1, 1, 1, 1, 1, '00:09:38', '28.09.2017'),
(230, 11, 2, 'Утегенова Зауреш Кайроллиновна', 1, 1, 1, 1, 1, 0, 0, 1, 1, 1, 1, 1, 1, 1, 1, 1, 1, 0, 1, 1, 1, 1, 1, 1, 1, 0, 1, 1, 1, 1, '00:08:57', '28.09.2017'),
(231, 11, 1, 'Чураков Юрий Евгеньевич', 0, 1, 1, 1, 1, 1, 1, 1, 1, 1, 1, 1, 1, 1, 1, 1, 1, 1, 1, 1, 1, 1, 0, 1, 1, 1, 1, 1, 1, 1, '00:10:54', '28.09.2017'),
(232, 11, 2, 'комарова вера алексеевна', 0, 1, 1, 0, 0, 1, 1, 1, 1, 0, 0, 1, 1, 0, 0, 1, 1, 1, 1, 1, 1, 1, 1, 1, 0, 1, 1, 1, 1, 1, '00:14:08', '28.09.2017'),
(233, 11, 1, 'Жуманова Дина Зеиновна', 1, 1, 1, 1, 1, 1, 1, 1, 1, 1, 1, 1, 1, 0, 1, 1, 1, 1, 1, 1, 1, 1, 1, 1, 1, 1, 1, 1, 1, 1, '00:09:48', '28.09.2017'),
(234, 11, 2, 'Махмутова Индира Бекежановна', 0, 1, 1, 0, 1, 1, 1, 0, 1, 1, 0, 1, 1, 0, 1, 0, 0, 1, 1, 1, 1, 1, 0, 0, 0, 1, 0, 1, 0, 1, '00:06:24', '28.09.2017'),
(235, 11, 2, 'Шагимова Дина Камашовна', 1, 0, 0, 1, 1, 0, 0, 0, 0, 1, 1, 1, 1, 1, 1, 0, 0, 1, 1, 1, 1, 0, 1, 1, 1, 0, 1, 1, 1, 1, '00:15:00', '28.09.2017'),
(236, 11, 2, 'Әтей Ерқанат МҰратұлы', 1, 1, 1, 1, 1, 1, 1, 1, 0, 0, 1, 0, 1, 1, 1, 1, 0, 1, 0, 1, 1, 0, 1, 1, 1, 1, 1, 1, 1, 1, '00:15:00', '28.09.2017'),
(237, 11, 2, 'Жаксыбекова Нургуль Ержановна', 1, 1, 0, 1, 0, 1, 1, 0, 1, 1, 0, 1, 0, 0, 0, 0, 1, 0, 1, 0, 1, 1, 1, 1, 1, 1, 1, 1, 1, 0, '00:14:34', '28.09.2017'),
(238, 0, 0, '', 0, 0, 0, 0, 0, 0, 0, 0, 0, 0, 0, 0, 0, 0, 0, 0, 0, 0, 0, 0, 0, 0, 0, 0, 0, 0, 0, 0, 0, 0, '00:15:00', '01.10.2017'),
(239, 12, 2, 'Дуйсекенова Жемис Кобландиевна', 0, 1, 0, 1, 0, 1, 1, 0, 1, 0, 1, 1, 0, 1, 1, 1, 1, 1, 1, 1, 1, 1, 1, 1, 1, 1, 0, 1, 0, 1, '00:11:21', '18.10.2017'),
(240, 12, 2, 'Сарсекеев Мурат Калиякбарович', 1, 1, 0, 1, 1, 1, 1, 1, 1, 1, 1, 1, 0, 0, 1, 0, 1, 0, 0, 1, 1, 0, 1, 1, 1, 1, 1, 0, 0, 1, '00:13:46', '19.10.2017'),
(241, 12, 2, 'бузова надежда ивановна', 1, 1, 1, 1, 1, 1, 1, 1, 0, 1, 1, 1, 0, 0, 0, 1, 1, 0, 1, 0, 1, 1, 1, 1, 0, 1, 0, 1, 1, 0, '00:12:19', '19.10.2017'),
(242, 12, 2, 'Рымарева Юлия Леонидовна', 1, 1, 1, 1, 1, 1, 1, 1, 1, 1, 1, 1, 1, 1, 1, 1, 0, 1, 1, 1, 0, 1, 1, 1, 1, 1, 1, 0, 0, 1, '00:11:33', '19.10.2017'),
(243, 12, 2, 'Басевская Алла Петровна ', 0, 1, 1, 0, 0, 1, 0, 0, 1, 1, 1, 1, 1, 0, 1, 1, 1, 1, 1, 0, 0, 1, 1, 1, 1, 0, 1, 1, 1, 1, '00:10:24', '20.10.2017'),
(244, 12, 2, 'садыкова бахыт избасаровна', 1, 1, 1, 1, 1, 1, 1, 1, 1, 1, 0, 1, 1, 0, 1, 1, 1, 1, 1, 1, 1, 1, 1, 1, 1, 1, 1, 1, 1, 1, '00:10:43', '20.10.2017'),
(245, 12, 2, 'Колбина Анна Николаевна', 0, 1, 1, 0, 1, 1, 1, 1, 1, 1, 1, 1, 1, 1, 1, 1, 1, 1, 1, 1, 0, 1, 1, 1, 1, 1, 1, 1, 0, 0, '00:12:13', '20.10.2017'),
(246, 12, 2, 'Масалимова Гульнар Умирзаховна', 1, 0, 0, 1, 1, 1, 1, 0, 0, 1, 1, 0, 1, 1, 0, 1, 1, 0, 1, 0, 1, 0, 0, 1, 0, 1, 0, 1, 0, 1, '00:14:37', '20.10.2017'),
(247, 12, 2, 'Щусь Светлана Геннадьевна', 1, 1, 1, 0, 0, 1, 1, 1, 1, 0, 1, 0, 1, 1, 1, 1, 1, 1, 1, 1, 1, 1, 1, 1, 0, 0, 1, 0, 1, 1, '00:15:00', '20.10.2017'),
(248, 12, 2, 'Касимова Бакыт Тлектесовна', 1, 1, 1, 1, 1, 1, 0, 1, 1, 1, 1, 1, 0, 0, 1, 1, 1, 0, 1, 1, 1, 1, 1, 1, 1, 1, 1, 0, 0, 1, '00:15:00', '20.10.2017'),
(249, 12, 2, 'бердхан мегенбек', 1, 1, 1, 0, 0, 1, 1, 1, 0, 0, 0, 0, 1, 0, 1, 0, 0, 0, 1, 0, 0, 1, 0, 0, 1, 1, 0, 0, 0, 0, '00:15:00', '20.10.2017'),
(250, 12, 2, 'Белозуб Сергей Олегович', 0, 0, 1, 1, 1, 1, 1, 1, 1, 1, 1, 1, 0, 1, 1, 1, 0, 1, 1, 1, 0, 1, 1, 1, 1, 1, 1, 1, 1, 1, '00:15:00', '20.10.2017'),
(251, 12, 2, 'Смаилова Гульмира Ислямовна', 0, 1, 1, 1, 1, 0, 1, 1, 1, 1, 1, 0, 1, 0, 1, 0, 1, 1, 1, 1, 0, 0, 1, 0, 0, 1, 0, 1, 1, 0, '00:07:09', '20.10.2017'),
(252, 12, 2, 'Джагопарова Шамшия Рахимжановна', 0, 1, 0, 1, 0, 1, 0, 1, 1, 1, 1, 1, 1, 1, 1, 1, 1, 1, 1, 1, 1, 1, 1, 1, 1, 1, 1, 1, 1, 1, '00:15:00', '20.10.2017'),
(253, 12, 1, 'Рева Сергей Геннадиевич', 1, 1, 1, 1, 1, 1, 1, 1, 1, 0, 1, 1, 0, 1, 1, 1, 1, 1, 1, 1, 1, 1, 1, 1, 1, 1, 1, 1, 0, 0, '00:07:14', '20.10.2017'),
(254, 12, 2, 'мусжанов нурланбек кизатович', 1, 1, 1, 1, 1, 1, 1, 1, 1, 1, 1, 1, 1, 0, 1, 1, 0, 1, 1, 1, 1, 1, 1, 1, 1, 1, 1, 1, 1, 1, '00:13:31', '20.10.2017'),
(255, 12, 2, 'Абишаев Омирбек Кабиденович', 1, 1, 1, 0, 0, 1, 1, 1, 1, 1, 0, 1, 1, 1, 0, 0, 1, 0, 0, 1, 0, 0, 1, 1, 0, 0, 1, 0, 1, 1, '00:13:12', '20.10.2017'),
(256, 12, 2, 'Марданова Актоты Мухаметкалиевна', 0, 1, 1, 1, 0, 0, 1, 0, 0, 1, 0, 0, 1, 1, 0, 0, 1, 0, 1, 0, 1, 1, 1, 1, 1, 1, 1, 1, 0, 0, '00:14:07', '20.10.2017'),
(257, 12, 2, 'тюлюбаев мусса турмысович', 1, 1, 1, 0, 1, 1, 1, 1, 1, 1, 1, 1, 0, 1, 1, 0, 1, 1, 0, 0, 1, 0, 1, 1, 1, 1, 1, 0, 0, 1, '00:15:00', '20.10.2017'),
(258, 12, 1, 'Косогор Владимир Владимирович', 0, 0, 1, 1, 0, 0, 0, 1, 1, 1, 1, 0, 1, 0, 1, 1, 0, 0, 0, 0, 1, 1, 0, 1, 0, 1, 0, 1, 1, 0, '00:07:37', '20.10.2017'),
(259, 12, 2, 'Батталова Гульжан Кункашбаевна', 1, 1, 1, 1, 1, 0, 0, 0, 1, 1, 1, 0, 1, 1, 1, 1, 1, 1, 1, 1, 1, 0, 1, 1, 1, 1, 1, 1, 1, 1, '00:13:04', '20.10.2017'),
(260, 12, 2, 'Сартова Амина Уахитовна', 1, 0, 1, 1, 1, 1, 1, 1, 1, 1, 1, 1, 1, 1, 1, 1, 1, 1, 1, 0, 1, 1, 1, 1, 1, 0, 1, 1, 1, 1, '00:12:12', '20.10.2017'),
(261, 12, 2, 'Павлова Людмила Алексеевна', 1, 1, 1, 1, 1, 1, 1, 1, 0, 1, 1, 1, 1, 1, 1, 1, 1, 1, 1, 0, 1, 1, 1, 1, 1, 0, 1, 1, 1, 1, '00:12:06', '20.10.2017'),
(262, 12, 1, 'Мысник Марина Александровна ', 0, 1, 1, 1, 1, 1, 1, 0, 1, 1, 1, 0, 1, 1, 1, 1, 1, 1, 1, 1, 1, 1, 1, 1, 1, 0, 1, 1, 1, 1, '00:11:48', '20.10.2017'),
(263, 12, 2, 'рассоха ирина владимировна', 1, 1, 1, 1, 1, 0, 0, 1, 1, 1, 1, 1, 0, 1, 1, 1, 1, 1, 1, 0, 1, 1, 0, 1, 1, 1, 1, 1, 0, 1, '00:09:20', '20.10.2017'),
(264, 12, 2, 'Филенко Наталья Анатольевна ', 1, 0, 1, 1, 1, 1, 1, 1, 1, 1, 1, 1, 1, 1, 1, 1, 1, 1, 1, 1, 1, 1, 0, 0, 1, 1, 1, 1, 0, 1, '00:13:40', '20.10.2017'),
(265, 12, 2, 'цыганок валентина всаильевна', 1, 0, 1, 0, 1, 0, 1, 0, 0, 1, 1, 1, 1, 1, 1, 1, 1, 0, 1, 1, 1, 1, 1, 1, 1, 0, 1, 1, 1, 0, '00:14:47', '20.10.2017'),
(266, 12, 2, 'Тур Галина Николаевна', 1, 1, 1, 1, 1, 1, 1, 1, 1, 1, 1, 1, 1, 1, 1, 1, 1, 1, 0, 1, 1, 1, 1, 1, 1, 1, 1, 1, 1, 1, '00:11:19', '20.10.2017'),
(267, 12, 2, 'Мерканова Бакыткельды Маирбековна', 1, 0, 0, 1, 0, 1, 0, 1, 1, 1, 1, 1, 0, 1, 1, 1, 1, 0, 0, 1, 1, 1, 0, 1, 0, 0, 0, 1, 1, 0, '00:15:00', '20.10.2017'),
(268, 12, 2, 'Болдишор  Татьяна Федоровна ', 1, 1, 0, 1, 0, 1, 0, 0, 1, 1, 0, 0, 1, 1, 0, 1, 0, 0, 0, 0, 1, 1, 0, 0, 1, 1, 1, 1, 1, 0, '00:15:00', '20.10.2017'),
(269, 12, 2, 'Мейрманов Сагындык Жакенович', 1, 0, 1, 1, 0, 0, 0, 1, 1, 0, 1, 1, 0, 1, 1, 0, 0, 1, 0, 1, 0, 1, 1, 1, 0, 1, 1, 1, 1, 0, '00:14:58', '20.10.2017'),
(270, 12, 2, 'Исина алтын Оразовна', 1, 1, 1, 1, 1, 1, 1, 1, 1, 1, 0, 1, 1, 1, 0, 1, 0, 1, 1, 1, 1, 1, 1, 1, 1, 1, 1, 1, 1, 1, '00:13:15', '20.10.2017'),
(271, 12, 2, 'Кавбышева Айгуль Какимовна ', 0, 0, 0, 0, 0, 1, 1, 0, 1, 0, 1, 0, 0, 0, 1, 1, 1, 1, 0, 0, 1, 0, 0, 0, 1, 1, 1, 0, 1, 0, '00:14:51', '20.10.2017'),
(272, 12, 2, 'Батесова Нурзиян Молдагалиевна', 0, 1, 1, 1, 1, 1, 0, 1, 1, 1, 0, 0, 1, 1, 1, 0, 0, 1, 1, 0, 0, 1, 1, 0, 1, 1, 1, 1, 0, 0, '00:09:58', '20.10.2017'),
(273, 12, 2, 'Балгабаева Гульнара Бейсенбаевна', 0, 0, 1, 1, 1, 1, 1, 1, 1, 1, 1, 1, 1, 1, 1, 1, 1, 1, 0, 1, 1, 1, 1, 1, 0, 1, 1, 1, 1, 1, '00:15:00', '20.10.2017'),
(274, 12, 2, 'дюсекеева лейля кизатовна', 0, 1, 1, 0, 1, 1, 1, 0, 0, 1, 0, 1, 1, 1, 1, 1, 0, 1, 1, 1, 1, 1, 0, 1, 1, 1, 0, 1, 1, 1, '00:15:00', '20.10.2017'),
(275, 12, 2, 'Макпалеева Екатерина Аббасовна', 1, 1, 1, 1, 1, 1, 1, 1, 0, 1, 1, 0, 1, 1, 1, 1, 1, 1, 1, 1, 0, 1, 1, 1, 1, 1, 1, 1, 1, 1, '00:09:07', '20.10.2017'),
(276, 12, 1, 'Кадыржанов Жаслан Оразалиевич', 0, 1, 0, 0, 1, 1, 0, 0, 0, 0, 1, 0, 0, 0, 1, 1, 1, 0, 1, 1, 1, 0, 1, 1, 0, 0, 1, 0, 1, 1, '00:13:17', '20.10.2017'),
(277, 12, 1, 'радченко василина владимировна', 1, 1, 1, 1, 1, 1, 1, 0, 1, 1, 1, 1, 1, 1, 1, 1, 1, 0, 1, 1, 0, 1, 1, 0, 0, 1, 1, 1, 1, 1, '00:15:00', '20.10.2017'),
(278, 12, 2, 'Сергеева Виктория Васильевна', 1, 0, 1, 1, 1, 1, 1, 1, 1, 1, 1, 1, 1, 1, 1, 1, 1, 0, 1, 0, 1, 1, 1, 1, 1, 1, 1, 1, 1, 1, '00:15:00', '20.10.2017'),
(279, 12, 2, 'Щербакова Любовь Анатольевна', 0, 1, 1, 0, 0, 0, 0, 1, 1, 0, 1, 1, 0, 1, 0, 0, 1, 1, 1, 1, 1, 0, 1, 1, 1, 1, 1, 0, 1, 1, '00:13:11', '20.10.2017'),
(280, 12, 1, 'Зайцев Игорь Олегович', 1, 0, 0, 0, 1, 1, 1, 1, 1, 1, 1, 1, 0, 0, 1, 0, 0, 0, 0, 0, 1, 0, 0, 1, 0, 0, 1, 1, 1, 0, '00:13:03', '20.10.2017'),
(281, 12, 1, 'Токтамыс Берик Сапаргалиевич', 1, 1, 0, 0, 0, 1, 0, 1, 1, 1, 1, 1, 1, 0, 1, 1, 0, 0, 1, 1, 1, 1, 1, 1, 0, 1, 1, 1, 1, 0, '00:14:49', '20.10.2017'),
(282, 12, 1, 'косогор владимир владимирович', 1, 1, 0, 0, 1, 0, 1, 1, 1, 1, 1, 1, 1, 1, 1, 0, 0, 0, 0, 1, 0, 0, 0, 1, 1, 0, 1, 0, 0, 1, '00:08:04', '20.10.2017'),
(283, 12, 2, 'Кавбышева Айгуль Какимовна ', 1, 1, 1, 1, 1, 1, 1, 1, 1, 1, 0, 1, 1, 1, 1, 1, 1, 1, 0, 1, 1, 1, 0, 1, 1, 0, 0, 1, 0, 0, '00:06:32', '20.10.2017'),
(284, 12, 1, 'Кажыржанов Жаслан Оразалиевич ', 1, 0, 1, 0, 1, 0, 0, 1, 1, 1, 0, 1, 1, 0, 1, 0, 1, 0, 0, 0, 0, 1, 1, 1, 1, 0, 0, 1, 1, 0, '00:12:50', '20.10.2017'),
(285, 12, 2, 'Болдишор Татьяна Федоровна ', 1, 0, 1, 1, 1, 1, 1, 0, 1, 1, 1, 1, 1, 1, 1, 0, 0, 1, 1, 0, 0, 0, 1, 1, 1, 1, 1, 1, 1, 1, '00:13:31', '20.10.2017'),
(286, 12, 2, 'Марданова Актоты Мухаметкалиевна', 1, 1, 1, 1, 0, 0, 1, 1, 1, 0, 1, 1, 0, 0, 0, 1, 0, 1, 0, 1, 0, 1, 0, 1, 1, 1, 1, 1, 1, 1, '00:13:39', '20.10.2017'),
(287, 12, 2, 'бердхан мегенбек', 0, 1, 0, 0, 1, 0, 1, 0, 0, 1, 1, 1, 0, 1, 0, 0, 1, 0, 0, 0, 1, 1, 0, 1, 0, 0, 0, 1, 0, 1, '00:13:47', '20.10.2017'),
(288, 12, 2, 'Масалимова Гульнар Умирзаховна', 0, 1, 0, 1, 1, 1, 1, 1, 0, 1, 0, 1, 1, 1, 1, 1, 1, 0, 1, 1, 0, 1, 0, 0, 1, 1, 1, 0, 1, 1, '00:15:00', '20.10.2017'),
(289, 12, 2, 'Боканова Саркыт Сагадатовна ', 1, 1, 0, 0, 0, 0, 0, 1, 1, 1, 0, 1, 0, 1, 1, 0, 1, 1, 1, 1, 0, 1, 1, 1, 1, 1, 0, 0, 1, 1, '00:13:38', '27.10.2017'),
(290, 12, 2, 'Байжуманов Мухтар Хамитович ', 1, 1, 0, 0, 0, 1, 0, 1, 1, 0, 0, 1, 1, 1, 1, 1, 1, 1, 1, 0, 0, 0, 1, 0, 0, 1, 0, 1, 0, 1, '00:08:24', '30.10.2017'),
(291, 0, 0, '', 0, 0, 0, 0, 0, 0, 0, 0, 0, 0, 0, 0, 0, 0, 0, 0, 0, 0, 0, 0, 0, 0, 0, 0, 0, 0, 0, 0, 0, 0, '00:15:00', '01.11.2017'),
(292, 13, 2, 'сулейменова гульмира еркентаевна', 0, 1, 1, 1, 1, 0, 1, 1, 1, 1, 1, 1, 0, 1, 1, 1, 1, 1, 1, 1, 1, 0, 1, 1, 0, 1, 1, 1, 0, 1, '00:15:00', '16.11.2017'),
(293, 13, 2, 'Мамей Мерей', 1, 1, 1, 0, 1, 1, 1, 0, 0, 1, 1, 1, 1, 1, 1, 1, 0, 0, 1, 1, 1, 1, 1, 0, 1, 1, 1, 1, 1, 1, '00:15:00', '16.11.2017'),
(294, 13, 2, 'Илеубаев Архат Адилханович', 1, 1, 1, 1, 1, 1, 0, 0, 0, 1, 1, 1, 1, 0, 1, 0, 1, 1, 0, 1, 1, 1, 0, 0, 1, 0, 0, 1, 0, 0, '00:15:00', '16.11.2017'),
(295, 13, 2, 'Байжуманов Мухтар Хамитович ', 1, 1, 1, 0, 1, 1, 1, 1, 1, 1, 1, 1, 1, 1, 1, 1, 1, 1, 1, 1, 1, 1, 0, 1, 1, 0, 1, 1, 1, 1, '00:10:27', '17.11.2017'),
(296, 13, 1, 'Недайвода Виктор Николаевич ', 1, 1, 0, 0, 1, 1, 1, 0, 1, 1, 0, 0, 1, 1, 0, 1, 0, 0, 1, 0, 1, 1, 1, 0, 0, 1, 1, 0, 1, 0, '00:08:54', '17.11.2017'),
(297, 13, 2, 'Булдубаев Бейбыт Тусупович ', 0, 1, 1, 1, 1, 1, 1, 1, 0, 1, 0, 1, 1, 0, 1, 1, 1, 1, 1, 0, 1, 1, 1, 1, 1, 0, 1, 1, 1, 1, '00:07:08', '17.11.2017'),
(298, 13, 2, 'Крюков Валерий Михайлович', 1, 0, 0, 1, 1, 0, 0, 1, 0, 1, 1, 1, 1, 0, 1, 0, 1, 0, 1, 1, 1, 1, 1, 0, 1, 1, 1, 0, 0, 1, '00:11:23', '17.11.2017'),
(299, 13, 2, 'бердхан мегенбек', 1, 0, 0, 1, 1, 0, 1, 1, 1, 1, 1, 0, 1, 0, 1, 1, 1, 1, 1, 1, 1, 0, 1, 1, 1, 1, 1, 1, 1, 1, '00:12:10', '17.11.2017'),
(300, 13, 2, 'Марденова Раушан Жаскеновна', 1, 1, 0, 0, 0, 1, 1, 1, 1, 1, 1, 0, 1, 0, 1, 1, 0, 0, 1, 1, 1, 1, 1, 1, 0, 1, 0, 1, 0, 1, '00:15:00', '17.11.2017'),
(301, 13, 2, 'Воробьева Татьяна Анатольевна', 1, 1, 1, 1, 1, 1, 1, 1, 1, 1, 1, 0, 1, 1, 1, 1, 1, 0, 1, 1, 1, 1, 1, 0, 1, 1, 1, 1, 0, 0, '00:13:53', '17.11.2017'),
(302, 13, 1, 'Кисленко Андрей Михайлович', 1, 1, 1, 1, 1, 1, 1, 1, 0, 1, 0, 1, 1, 1, 1, 1, 1, 1, 1, 0, 0, 1, 1, 1, 1, 1, 1, 1, 0, 0, '00:15:00', '17.11.2017'),
(303, 13, 2, 'Икешов Каат Советович', 1, 1, 1, 1, 1, 1, 1, 1, 1, 1, 1, 0, 1, 0, 1, 1, 0, 1, 1, 1, 1, 1, 1, 1, 1, 1, 1, 1, 0, 1, '00:15:00', '17.11.2017'),
(304, 13, 2, 'Абдраманов Кабдолла Сатыбалдинович ', 0, 0, 0, 1, 0, 1, 0, 1, 1, 1, 1, 1, 1, 1, 1, 1, 1, 0, 0, 1, 0, 0, 0, 1, 0, 1, 0, 0, 1, 0, '00:15:00', '17.11.2017'),
(305, 13, 2, 'Туран Мурат Болатулы', 1, 1, 1, 1, 0, 1, 1, 1, 1, 1, 1, 0, 0, 0, 0, 1, 0, 0, 1, 1, 1, 1, 1, 1, 1, 1, 1, 1, 1, 1, '00:08:03', '17.11.2017'),
(306, 13, 2, 'Габун Николай Николаевич', 1, 1, 1, 1, 1, 1, 1, 1, 1, 1, 1, 1, 1, 1, 1, 1, 0, 0, 1, 0, 0, 0, 1, 0, 0, 1, 0, 1, 1, 1, '00:05:36', '17.11.2017'),
(307, 13, 2, 'Кабыкенов Али Жарылкасынович', 0, 1, 1, 1, 1, 0, 0, 0, 1, 1, 0, 0, 0, 1, 1, 0, 0, 1, 1, 0, 1, 1, 1, 1, 1, 1, 0, 1, 1, 0, '00:07:11', '17.11.2017'),
(308, 13, 2, 'касенова лаура', 1, 1, 1, 1, 0, 0, 1, 1, 1, 1, 1, 1, 1, 0, 1, 1, 1, 1, 0, 1, 1, 0, 0, 0, 1, 0, 0, 0, 0, 0, '00:08:07', '17.11.2017'),
(309, 13, 1, 'Косогор владимир владимирович', 0, 1, 1, 1, 1, 1, 1, 0, 1, 0, 1, 1, 1, 1, 0, 1, 1, 0, 0, 1, 1, 1, 1, 1, 1, 1, 1, 1, 1, 1, '00:09:05', '17.11.2017'),
(310, 13, 2, 'Нургалиев салтанат мулукович                                                                       ', 1, 0, 0, 1, 0, 0, 0, 1, 1, 1, 1, 0, 0, 0, 1, 0, 1, 1, 1, 0, 0, 1, 1, 1, 1, 1, 1, 0, 0, 1, '00:12:11', '17.11.2017'),
(311, 13, 2, 'Султанов Акылбек Баязитович', 1, 0, 0, 1, 0, 0, 1, 1, 1, 1, 0, 1, 1, 0, 1, 1, 0, 0, 1, 1, 1, 1, 1, 0, 1, 1, 0, 1, 1, 1, '00:15:00', '17.11.2017'),
(312, 13, 1, 'Энелане Константин Юрьевич', 0, 1, 0, 1, 1, 1, 1, 1, 1, 1, 1, 1, 0, 1, 1, 1, 1, 1, 1, 1, 1, 1, 1, 1, 1, 1, 0, 1, 1, 1, '00:10:49', '17.11.2017'),
(313, 13, 2, 'Жумабеков Арман Габдуллович', 0, 1, 1, 0, 1, 1, 1, 1, 1, 1, 1, 1, 1, 1, 1, 1, 0, 1, 1, 1, 1, 1, 1, 1, 1, 1, 0, 1, 1, 1, '00:09:28', '17.11.2017'),
(314, 13, 2, 'айтбаева  баян  шаймановна', 1, 1, 1, 0, 1, 1, 1, 1, 1, 1, 0, 1, 1, 1, 1, 1, 1, 1, 1, 0, 1, 1, 1, 0, 0, 0, 1, 1, 1, 0, '00:11:57', '17.11.2017'),
(315, 13, 2, 'Молдабеков Бауржан Касымтаевич', 1, 1, 1, 0, 1, 1, 1, 1, 1, 1, 1, 1, 1, 1, 1, 1, 1, 1, 1, 1, 1, 0, 1, 0, 1, 1, 1, 1, 1, 1, '00:14:45', '17.11.2017'),
(316, 13, 1, 'мухажанов бакытбек кусайнович', 1, 1, 1, 1, 1, 1, 0, 1, 0, 0, 1, 1, 0, 0, 0, 0, 0, 1, 1, 1, 0, 1, 1, 1, 1, 1, 0, 0, 0, 0, '00:15:00', '17.11.2017'),
(317, 13, 2, 'есмиканов сиреккан рахмикольевич', 1, 1, 0, 0, 0, 1, 1, 1, 1, 0, 0, 1, 0, 1, 1, 1, 1, 1, 0, 1, 1, 1, 1, 1, 1, 0, 0, 0, 1, 1, '00:14:44', '17.11.2017'),
(318, 13, 2, 'Катаев Бауржан Слямович', 0, 1, 1, 1, 1, 1, 1, 1, 1, 1, 1, 1, 1, 1, 1, 0, 1, 0, 1, 1, 1, 1, 1, 1, 0, 0, 1, 1, 0, 1, '00:13:54', '17.11.2017'),
(319, 13, 1, 'Абенова Динара Комунаровна', 1, 1, 1, 1, 1, 0, 1, 1, 1, 1, 1, 0, 1, 1, 0, 1, 1, 1, 1, 1, 1, 1, 1, 1, 1, 1, 1, 1, 1, 1, '00:07:29', '17.11.2017'),
(320, 13, 1, 'Бармина Татьяна Ивановна', 1, 0, 1, 0, 1, 1, 1, 1, 0, 0, 1, 1, 1, 1, 1, 1, 1, 1, 1, 1, 1, 1, 1, 1, 1, 0, 1, 0, 1, 0, '00:08:23', '17.11.2017'),
(321, 13, 2, 'Колиш Валентина Анатольевна', 0, 1, 1, 0, 1, 1, 0, 1, 1, 1, 1, 1, 1, 0, 1, 1, 1, 1, 1, 0, 1, 0, 1, 1, 0, 0, 1, 1, 1, 1, '00:12:14', '17.11.2017'),
(322, 13, 2, 'Петрова людмила николаевна', 0, 1, 1, 1, 1, 0, 1, 0, 0, 1, 1, 1, 1, 1, 1, 1, 1, 1, 1, 1, 0, 1, 0, 1, 1, 1, 0, 0, 1, 1, '00:11:13', '17.11.2017'),
(323, 13, 2, 'Смаилова Мадина Владимировна', 0, 1, 1, 1, 0, 1, 0, 1, 1, 1, 0, 1, 0, 1, 1, 0, 1, 1, 1, 1, 0, 1, 0, 1, 1, 0, 1, 0, 1, 0, '00:06:34', '17.11.2017'),
(324, 13, 2, 'Бармин Николай Николаевич', 1, 1, 1, 0, 1, 1, 1, 0, 1, 0, 1, 0, 0, 1, 0, 1, 1, 1, 1, 1, 1, 0, 1, 1, 1, 0, 1, 1, 1, 1, '00:07:43', '17.11.2017');
INSERT INTO `test_otvet` (`id`, `gruupa`, `cat`, `fio`, `otv1`, `otv2`, `otv3`, `otv4`, `otv5`, `otv6`, `otv7`, `otv8`, `otv9`, `otv10`, `otv11`, `otv12`, `otv13`, `otv14`, `otv15`, `otv16`, `otv17`, `otv18`, `otv19`, `otv20`, `otv21`, `otv22`, `otv23`, `otv24`, `otv25`, `otv26`, `otv27`, `otv28`, `otv29`, `otv30`, `zatrat_vrem`, `data_prov`) VALUES
(325, 13, 2, 'Аккабаков Батабай Жусупович', 1, 1, 0, 1, 1, 1, 1, 1, 0, 1, 1, 1, 1, 1, 1, 0, 1, 1, 1, 1, 0, 1, 1, 1, 1, 1, 1, 1, 1, 0, '00:05:53', '17.11.2017'),
(326, 13, 2, 'Исабекова Айнур Еркеновна', 1, 0, 1, 0, 0, 0, 1, 0, 1, 0, 0, 1, 0, 1, 1, 1, 0, 1, 0, 1, 1, 0, 0, 1, 1, 1, 1, 1, 1, 1, '00:12:36', '17.11.2017'),
(327, 13, 1, 'камалов нурланбек алтаевич', 1, 1, 1, 1, 1, 1, 1, 1, 1, 1, 1, 0, 1, 0, 1, 1, 1, 0, 0, 1, 1, 1, 1, 1, 1, 1, 1, 1, 1, 1, '00:06:20', '17.11.2017'),
(328, 13, 2, 'Водолажская Светлана Юрьевна', 0, 0, 1, 0, 0, 0, 1, 1, 1, 1, 1, 1, 1, 1, 1, 1, 0, 1, 0, 1, 1, 1, 0, 1, 1, 1, 0, 0, 1, 0, '00:08:31', '17.11.2017'),
(329, 13, 2, 'Рахимов Ерсаин Сагадатович', 1, 1, 1, 1, 1, 0, 1, 0, 1, 1, 0, 0, 1, 1, 0, 0, 1, 1, 1, 0, 1, 1, 0, 1, 1, 0, 1, 1, 1, 1, '00:11:38', '17.11.2017'),
(330, 0, 0, '', 0, 0, 0, 0, 0, 0, 0, 0, 0, 0, 0, 0, 0, 0, 0, 0, 0, 0, 0, 0, 0, 0, 0, 0, 0, 0, 0, 0, 0, 0, '00:15:00', '17.11.2017'),
(331, 13, 2, 'Жетпис Маржангуль', 1, 0, 1, 1, 0, 1, 1, 0, 0, 0, 1, 0, 1, 1, 0, 1, 0, 0, 0, 0, 0, 0, 0, 1, 0, 1, 1, 1, 0, 0, '00:15:00', '17.11.2017'),
(332, 13, 2, 'Арынгазина Асель Муратовна', 1, 0, 0, 0, 1, 1, 1, 0, 1, 1, 1, 1, 0, 1, 1, 0, 0, 0, 1, 1, 1, 0, 1, 1, 1, 1, 1, 0, 0, 0, '00:15:00', '17.11.2017'),
(333, 13, 1, 'щетинин михаил Борисович', 1, 0, 1, 1, 1, 1, 1, 1, 0, 1, 1, 1, 1, 1, 1, 1, 0, 1, 0, 1, 0, 1, 1, 1, 1, 1, 1, 0, 1, 1, '00:07:48', '17.11.2017'),
(334, 13, 2, 'бекдосова баглан махмутовна', 1, 0, 1, 1, 0, 0, 0, 1, 1, 1, 1, 1, 1, 0, 1, 0, 1, 1, 1, 1, 0, 1, 1, 1, 0, 1, 0, 1, 0, 1, '00:15:00', '17.11.2017'),
(335, 13, 2, 'Каспакова Куляш Мишелевна', 1, 0, 1, 1, 0, 0, 1, 1, 1, 1, 0, 1, 1, 0, 1, 1, 0, 1, 0, 1, 1, 1, 1, 1, 1, 1, 1, 1, 1, 1, '00:09:34', '17.11.2017'),
(336, 13, 2, 'Абдыгалиев Болатбек Аипович', 1, 1, 1, 0, 1, 1, 0, 1, 1, 1, 1, 1, 1, 1, 1, 1, 1, 1, 0, 1, 1, 0, 1, 1, 1, 1, 1, 1, 1, 1, '00:15:00', '17.11.2017'),
(337, 13, 2, 'масекенова шолпан адятовна', 1, 0, 1, 0, 0, 1, 1, 1, 0, 1, 1, 1, 1, 1, 1, 1, 1, 1, 1, 1, 0, 1, 1, 1, 1, 0, 1, 1, 1, 1, '00:15:00', '17.11.2017'),
(338, 13, 1, 'Алпысбай Данияр Қанатұлы', 1, 0, 1, 1, 1, 1, 0, 1, 0, 1, 1, 1, 1, 1, 1, 0, 1, 1, 1, 1, 1, 1, 1, 1, 1, 1, 1, 1, 1, 1, '00:15:00', '17.11.2017'),
(339, 13, 1, 'Брякотин Евгений Эдуардович', 0, 1, 0, 1, 1, 1, 1, 1, 1, 1, 1, 1, 1, 1, 1, 1, 1, 0, 0, 1, 1, 1, 1, 1, 0, 1, 0, 1, 0, 1, '00:15:00', '17.11.2017'),
(340, 13, 1, 'Кадыржанов Жаслан Оразалиевич', 1, 1, 1, 1, 0, 1, 0, 1, 1, 1, 0, 1, 0, 1, 0, 1, 1, 1, 1, 1, 1, 1, 1, 0, 1, 1, 1, 1, 1, 1, '00:06:30', '17.11.2017'),
(341, 13, 1, 'Лукаш Николай Николаевич', 1, 1, 1, 1, 1, 1, 0, 1, 1, 1, 1, 0, 1, 0, 1, 1, 1, 1, 0, 1, 1, 1, 0, 1, 1, 1, 1, 1, 0, 1, '00:11:26', '17.11.2017'),
(342, 13, 2, 'Черепанова Елена Михайловна', 1, 0, 1, 0, 1, 1, 1, 0, 0, 1, 1, 0, 1, 0, 0, 1, 0, 0, 1, 1, 0, 0, 1, 0, 1, 1, 1, 1, 1, 1, '00:09:37', '17.11.2017'),
(343, 13, 1, 'Зайцев Игорь Олегович', 1, 1, 1, 1, 1, 0, 1, 1, 1, 0, 1, 0, 1, 1, 1, 1, 1, 1, 1, 1, 0, 0, 1, 1, 1, 1, 1, 1, 1, 1, '00:11:55', '17.11.2017'),
(344, 13, 2, 'Ахметова Гульнар Кошеровна', 1, 1, 1, 1, 1, 1, 1, 1, 1, 1, 1, 1, 1, 1, 0, 1, 1, 1, 1, 1, 0, 1, 1, 1, 1, 1, 1, 1, 1, 1, '00:08:11', '17.11.2017'),
(345, 13, 1, 'калина сергей семенович ', 1, 0, 1, 1, 1, 1, 0, 1, 1, 1, 1, 0, 1, 1, 0, 0, 1, 0, 1, 0, 1, 1, 1, 1, 1, 1, 1, 1, 1, 1, '00:15:00', '17.11.2017'),
(346, 13, 2, 'Абельдинова Сара Нурумжановна ', 1, 1, 0, 1, 1, 1, 1, 1, 0, 0, 1, 1, 1, 1, 1, 1, 1, 1, 1, 1, 1, 0, 1, 1, 1, 0, 0, 1, 1, 0, '00:13:23', '17.11.2017'),
(347, 13, 2, 'Бобровская Ольга Леонидовна', 1, 1, 1, 0, 1, 1, 0, 1, 1, 1, 0, 1, 1, 1, 0, 0, 1, 1, 0, 1, 1, 1, 0, 1, 1, 1, 1, 1, 1, 0, '00:15:00', '17.11.2017'),
(348, 13, 1, 'Лукьянов Василий Валерьевич', 1, 1, 1, 1, 0, 1, 1, 0, 0, 1, 1, 0, 0, 0, 0, 0, 1, 1, 1, 0, 1, 1, 1, 0, 1, 1, 0, 1, 1, 1, '00:13:05', '17.11.2017'),
(349, 13, 1, 'Буневич Вячеслав Антонович', 1, 1, 0, 0, 1, 0, 1, 0, 1, 0, 1, 1, 0, 1, 1, 1, 1, 0, 0, 0, 0, 0, 0, 0, 0, 0, 0, 0, 0, 0, '00:15:00', '17.11.2017'),
(350, 13, 2, 'Абдраманов Кабдолла Сатыбалдинович ', 1, 1, 1, 1, 1, 1, 0, 0, 0, 0, 1, 1, 1, 1, 1, 1, 1, 0, 0, 1, 1, 0, 1, 0, 1, 1, 1, 1, 0, 1, '00:12:06', '17.11.2017'),
(351, 13, 2, 'Нургалиев Салтанат Мулукович ', 0, 1, 1, 1, 1, 1, 1, 0, 1, 1, 1, 1, 1, 1, 1, 1, 0, 0, 0, 1, 1, 1, 1, 1, 0, 0, 0, 1, 1, 1, '00:10:58', '17.11.2017'),
(352, 13, 1, 'Мухажанов Бакытбек Кусаинович ', 1, 1, 1, 1, 1, 1, 1, 1, 1, 0, 1, 1, 1, 1, 0, 1, 0, 0, 1, 1, 1, 1, 1, 1, 1, 1, 1, 1, 0, 1, '00:12:27', '17.11.2017'),
(353, 13, 1, 'Буневич Вячеслав Антонович', 1, 0, 1, 1, 0, 1, 1, 1, 1, 1, 1, 0, 1, 0, 1, 1, 1, 1, 1, 0, 0, 0, 0, 1, 0, 1, 1, 0, 1, 0, '00:12:21', '17.11.2017'),
(354, 13, 2, 'Жетпис Маржангуль', 1, 0, 1, 1, 0, 0, 0, 1, 0, 1, 1, 1, 0, 1, 1, 0, 1, 1, 1, 0, 1, 0, 1, 0, 0, 0, 1, 1, 0, 1, '00:14:46', '17.11.2017'),
(355, 0, 0, '', 0, 0, 0, 0, 0, 0, 0, 0, 0, 0, 0, 0, 0, 0, 0, 0, 0, 0, 0, 0, 0, 0, 0, 0, 0, 0, 0, 0, 0, 0, '00:15:00', '02.12.2017'),
(356, 14, 1, 'Драмачёв Михаил Юрьевич', 1, 0, 1, 1, 1, 1, 1, 1, 1, 1, 1, 1, 1, 1, 1, 0, 1, 1, 1, 1, 1, 1, 1, 1, 1, 1, 1, 1, 1, 1, '00:08:52', '15.12.2017'),
(357, 14, 1, 'Шатрова Светлана Борисовна', 1, 1, 0, 1, 1, 1, 1, 1, 1, 1, 1, 1, 1, 1, 1, 1, 1, 1, 1, 1, 1, 1, 1, 1, 1, 1, 1, 1, 1, 1, '00:02:34', '15.12.2017'),
(358, 14, 1, 'Долгилев Владимир Васильевич', 1, 1, 1, 1, 1, 1, 1, 1, 1, 1, 1, 1, 1, 1, 1, 1, 1, 1, 1, 1, 1, 1, 1, 1, 1, 1, 1, 1, 1, 1, '00:03:51', '15.12.2017'),
(359, 14, 1, 'Едигарев Максим Сергеевич', 1, 1, 1, 1, 1, 1, 1, 1, 1, 1, 1, 1, 1, 1, 1, 1, 1, 1, 1, 1, 1, 1, 1, 1, 1, 1, 1, 1, 1, 1, '00:05:02', '15.12.2017'),
(360, 14, 1, 'Аникин Алексей Александрович', 1, 1, 1, 1, 1, 1, 1, 1, 1, 1, 1, 1, 1, 1, 1, 1, 1, 1, 1, 1, 1, 1, 1, 1, 1, 1, 1, 1, 1, 1, '00:05:59', '15.12.2017'),
(361, 14, 1, 'Копыльцов Владимир Петрович', 1, 1, 1, 1, 1, 1, 1, 1, 1, 1, 1, 1, 1, 1, 1, 1, 1, 1, 1, 1, 1, 1, 1, 1, 1, 1, 1, 1, 1, 1, '00:06:17', '15.12.2017'),
(362, 14, 1, 'Бенке Анна Анатольевна', 1, 1, 1, 1, 1, 1, 1, 1, 1, 1, 1, 1, 1, 1, 1, 1, 1, 1, 1, 1, 1, 1, 1, 1, 1, 1, 1, 1, 1, 1, '00:01:50', '15.12.2017'),
(363, 14, 1, 'Ярушина Елена Анатольевна', 1, 1, 1, 1, 1, 1, 1, 1, 1, 1, 1, 1, 1, 1, 1, 1, 1, 1, 1, 1, 1, 1, 1, 1, 1, 1, 1, 1, 1, 1, '00:06:58', '15.12.2017'),
(364, 14, 1, 'Крахалёва Татьяна Анатольевна', 1, 1, 1, 1, 1, 1, 1, 1, 1, 1, 1, 1, 1, 1, 1, 1, 1, 1, 1, 1, 1, 1, 1, 1, 1, 1, 1, 1, 1, 1, '00:03:25', '15.12.2017'),
(365, 14, 1, 'Гаглоев Георгий Александрович', 1, 1, 1, 1, 1, 1, 1, 1, 1, 1, 1, 1, 1, 1, 1, 1, 1, 1, 1, 1, 1, 1, 1, 1, 1, 1, 1, 1, 1, 1, '00:03:12', '15.12.2017'),
(366, 14, 1, 'Тлепбергенов Марат Жумабаевич', 1, 1, 1, 0, 1, 0, 0, 1, 1, 1, 0, 0, 1, 1, 0, 1, 1, 1, 1, 1, 1, 1, 1, 1, 1, 1, 1, 1, 1, 0, '00:11:58', '15.12.2017'),
(367, 14, 1, 'Коловников Артур Валерьевич', 1, 1, 1, 1, 1, 1, 1, 1, 1, 1, 1, 1, 1, 1, 1, 1, 1, 1, 1, 1, 1, 1, 1, 1, 1, 1, 1, 1, 1, 1, '00:04:52', '15.12.2017'),
(368, 14, 1, 'Трибус Андрей Игорьевич', 1, 1, 1, 1, 1, 1, 1, 1, 1, 1, 1, 1, 1, 1, 1, 1, 1, 1, 1, 1, 1, 1, 1, 1, 1, 1, 1, 1, 1, 1, '00:04:51', '15.12.2017'),
(369, 14, 1, 'Конарбаев Бейбит нурлыбекович', 1, 1, 1, 1, 1, 1, 1, 1, 1, 1, 1, 1, 1, 1, 1, 1, 1, 1, 1, 1, 1, 1, 1, 1, 0, 1, 1, 1, 1, 1, '00:03:00', '15.12.2017'),
(370, 14, 1, 'Байтенов Марат Бакирулы', 1, 1, 1, 1, 1, 1, 1, 1, 1, 1, 1, 1, 1, 1, 1, 1, 1, 1, 1, 1, 1, 1, 1, 1, 1, 1, 1, 1, 1, 1, '00:03:01', '15.12.2017'),
(371, 14, 1, 'Давиденко Василий Васильевич', 1, 1, 1, 1, 1, 1, 1, 1, 1, 1, 1, 1, 1, 1, 1, 1, 1, 1, 1, 1, 1, 1, 1, 1, 1, 1, 1, 1, 1, 1, '00:07:42', '15.12.2017'),
(372, 14, 1, 'Оскембаев Биржан Абаевич', 1, 1, 1, 1, 1, 1, 1, 1, 1, 1, 1, 1, 1, 1, 1, 1, 1, 1, 1, 1, 1, 1, 1, 1, 1, 1, 1, 1, 1, 1, '00:05:05', '15.12.2017'),
(373, 14, 1, 'Люсов Александр Владимирович', 1, 1, 1, 1, 1, 1, 1, 1, 1, 1, 1, 0, 1, 1, 1, 1, 0, 1, 1, 1, 1, 1, 1, 1, 1, 1, 1, 1, 1, 1, '00:08:37', '15.12.2017'),
(374, 14, 1, 'Бигалиев Берикжан Талгатович', 1, 1, 1, 1, 1, 1, 1, 1, 1, 1, 1, 1, 1, 1, 1, 1, 1, 1, 1, 1, 1, 1, 1, 1, 1, 1, 1, 1, 1, 1, '00:01:54', '15.12.2017'),
(375, 14, 1, 'Сакенов Айбек Каирбекович', 1, 1, 1, 1, 1, 1, 1, 1, 1, 1, 1, 1, 1, 1, 1, 1, 1, 1, 1, 1, 1, 1, 1, 1, 1, 1, 1, 1, 1, 1, '00:02:43', '15.12.2017'),
(376, 14, 1, 'Ахметов Маждай Магауиевич', 1, 1, 1, 1, 1, 1, 1, 1, 1, 1, 1, 1, 1, 1, 1, 1, 1, 1, 1, 1, 1, 1, 1, 1, 1, 1, 1, 1, 1, 1, '00:03:41', '15.12.2017'),
(377, 14, 1, 'Кудайбергенов Николай Киланович', 1, 1, 1, 1, 1, 1, 1, 1, 1, 1, 1, 1, 1, 1, 1, 1, 1, 1, 1, 1, 1, 1, 1, 1, 1, 1, 1, 1, 1, 1, '00:05:20', '15.12.2017'),
(378, 0, 0, '', 0, 0, 0, 0, 0, 0, 0, 0, 0, 0, 0, 0, 0, 0, 0, 0, 0, 0, 0, 0, 0, 0, 0, 0, 0, 0, 0, 0, 0, 0, '00:15:00', '15.12.2017'),
(379, 14, 1, 'Недашковский Андрей Петрович', 1, 1, 1, 1, 1, 1, 1, 1, 1, 1, 1, 1, 1, 1, 1, 1, 1, 1, 0, 1, 1, 1, 1, 1, 1, 1, 1, 1, 1, 0, '00:02:48', '15.12.2017'),
(380, 14, 1, 'Уразалинов Исламбек Николаевич', 1, 1, 1, 1, 1, 1, 1, 0, 1, 1, 1, 1, 1, 1, 1, 1, 1, 1, 1, 1, 1, 1, 1, 1, 1, 1, 0, 1, 1, 1, '00:10:00', '15.12.2017'),
(381, 14, 1, 'Николаев Юрий Анатольевич', 1, 1, 0, 0, 1, 1, 0, 0, 1, 1, 1, 0, 0, 1, 1, 1, 1, 1, 0, 0, 1, 1, 0, 1, 1, 1, 0, 1, 1, 1, '00:10:19', '15.12.2017'),
(382, 14, 1, 'Глушакова Ирина Владимировна', 1, 0, 1, 1, 1, 1, 1, 1, 1, 1, 1, 1, 1, 1, 1, 1, 1, 1, 1, 1, 1, 1, 0, 1, 1, 1, 1, 1, 1, 1, '00:10:12', '15.12.2017'),
(383, 14, 1, 'Панасенко Владимир Николаевич', 1, 1, 1, 1, 1, 1, 1, 1, 1, 0, 1, 1, 0, 1, 0, 0, 1, 1, 1, 1, 1, 0, 1, 1, 1, 1, 1, 0, 1, 1, '00:10:31', '15.12.2017'),
(384, 14, 1, 'Недайвода Виктор Николаевич', 0, 1, 0, 1, 1, 0, 1, 0, 1, 1, 1, 1, 0, 1, 1, 0, 0, 1, 1, 1, 1, 1, 1, 0, 1, 0, 0, 0, 1, 0, '00:15:00', '15.12.2017'),
(385, 14, 1, 'Шкретов Евгений Евгениевич', 1, 0, 1, 0, 1, 0, 1, 1, 1, 0, 0, 0, 1, 1, 1, 1, 1, 1, 0, 0, 0, 0, 0, 1, 0, 0, 0, 1, 1, 1, '00:15:00', '15.12.2017'),
(386, 14, 2, 'Оспанова Гульнар Кудияровна', 0, 0, 0, 1, 1, 0, 1, 1, 1, 0, 0, 1, 1, 0, 1, 0, 1, 0, 1, 1, 1, 1, 1, 1, 1, 1, 0, 1, 0, 1, '00:15:00', '15.12.2017'),
(387, 14, 2, 'Пономарёва Галина Юрьевна', 1, 1, 1, 1, 1, 1, 1, 1, 1, 1, 0, 0, 1, 1, 1, 0, 1, 1, 1, 1, 1, 1, 1, 1, 1, 1, 1, 1, 1, 1, '00:05:43', '15.12.2017'),
(388, 14, 1, 'Шкретов Евгений Евгениевич', 0, 1, 0, 1, 1, 1, 0, 0, 1, 0, 1, 1, 1, 0, 1, 1, 1, 1, 0, 1, 1, 1, 1, 1, 1, 0, 1, 1, 0, 1, '00:05:04', '15.12.2017'),
(389, 14, 1, 'Дочкин Михаил Алексеевич ', 1, 1, 1, 1, 1, 1, 1, 0, 1, 1, 1, 0, 1, 1, 1, 1, 0, 0, 1, 0, 1, 1, 1, 0, 1, 1, 1, 1, 0, 1, '00:15:00', '15.12.2017'),
(390, 14, 1, 'котляров владимир сергеевич', 1, 0, 1, 1, 1, 1, 1, 1, 1, 1, 1, 1, 0, 1, 1, 1, 1, 1, 0, 1, 1, 1, 1, 1, 1, 1, 0, 1, 1, 1, '00:11:43', '15.12.2017'),
(391, 14, 2, 'Андрюшкина Валентина Александровна', 1, 1, 1, 1, 1, 0, 1, 1, 1, 1, 1, 1, 1, 1, 1, 1, 1, 1, 1, 1, 1, 0, 1, 1, 1, 1, 1, 1, 0, 1, '00:12:32', '15.12.2017'),
(392, 14, 2, 'Таржакаев Рустам Русланович', 1, 1, 1, 1, 1, 1, 1, 0, 0, 1, 1, 0, 1, 0, 1, 1, 1, 0, 1, 1, 1, 0, 1, 1, 1, 1, 0, 1, 1, 1, '00:07:59', '15.12.2017'),
(393, 14, 1, 'Слюсарева Елена Сергеевна', 1, 1, 1, 1, 1, 1, 0, 1, 1, 1, 0, 0, 1, 1, 1, 1, 1, 1, 1, 1, 1, 1, 1, 1, 1, 1, 1, 1, 1, 1, '00:10:36', '15.12.2017'),
(394, 14, 1, 'Пирогова Светлана Владимировна', 1, 1, 1, 1, 1, 1, 1, 1, 1, 0, 1, 1, 1, 1, 1, 1, 1, 1, 1, 1, 1, 1, 1, 0, 1, 1, 1, 1, 1, 1, '00:09:55', '15.12.2017'),
(395, 14, 2, 'Розова Наталья Владимировна', 1, 1, 0, 1, 1, 1, 1, 1, 1, 1, 1, 1, 1, 1, 1, 1, 1, 1, 1, 1, 1, 1, 0, 1, 1, 1, 1, 1, 1, 1, '00:08:18', '15.12.2017'),
(396, 14, 2, 'Семёнов Иван Михайлович ', 1, 0, 1, 1, 1, 1, 1, 1, 1, 1, 1, 1, 1, 1, 1, 0, 1, 1, 1, 0, 1, 0, 1, 1, 1, 1, 1, 0, 1, 1, '00:09:41', '15.12.2017'),
(397, 14, 2, 'Афанасьев Андрей Геннадьевич', 1, 1, 0, 1, 1, 0, 1, 1, 1, 1, 1, 1, 0, 0, 0, 1, 1, 1, 1, 1, 0, 1, 0, 1, 1, 0, 0, 0, 1, 0, '00:14:55', '15.12.2017'),
(398, 0, 0, '', 0, 0, 0, 0, 0, 0, 0, 0, 0, 0, 0, 0, 0, 0, 0, 0, 0, 0, 0, 0, 0, 0, 0, 0, 0, 0, 0, 0, 0, 0, '00:15:00', '06.01.2018'),
(399, 1, 1, 'qwetttsdftwet', 1, 1, 1, 1, 1, 1, 1, 1, 1, 1, 1, 1, 1, 1, 1, 1, 1, 1, 1, 1, 1, 1, 1, 1, 1, 1, 1, 1, 1, 1, '1', '1'),
(400, NULL, NULL, 'sdgfsgsgsdgsdg', NULL, NULL, NULL, NULL, NULL, NULL, NULL, NULL, NULL, NULL, NULL, NULL, NULL, NULL, NULL, NULL, NULL, NULL, NULL, NULL, NULL, NULL, NULL, NULL, NULL, NULL, NULL, NULL, NULL, NULL, NULL, NULL),
(401, NULL, NULL, 'Рахманова Айгерим Улебатовна', NULL, NULL, NULL, NULL, NULL, NULL, NULL, NULL, NULL, NULL, NULL, NULL, NULL, NULL, NULL, NULL, NULL, NULL, NULL, NULL, NULL, NULL, NULL, NULL, NULL, NULL, NULL, NULL, NULL, NULL, NULL, NULL),
(402, NULL, NULL, 'Рахманова Айгерим Улебатовна', NULL, NULL, NULL, NULL, NULL, NULL, NULL, NULL, NULL, NULL, NULL, NULL, NULL, NULL, NULL, NULL, NULL, NULL, NULL, NULL, NULL, NULL, NULL, NULL, NULL, NULL, NULL, NULL, NULL, NULL, NULL, NULL),
(403, NULL, NULL, 'Рахманова Айгерим Улебатовна', NULL, NULL, NULL, NULL, NULL, NULL, NULL, NULL, NULL, NULL, NULL, NULL, NULL, NULL, NULL, NULL, NULL, NULL, NULL, NULL, NULL, NULL, NULL, NULL, NULL, NULL, NULL, NULL, NULL, NULL, NULL, NULL),
(404, NULL, NULL, 'Рахманова Айгерим Улебатовна', NULL, NULL, NULL, NULL, NULL, NULL, NULL, NULL, NULL, NULL, NULL, NULL, NULL, NULL, NULL, NULL, NULL, NULL, NULL, NULL, NULL, NULL, NULL, NULL, NULL, NULL, NULL, NULL, NULL, NULL, NULL, NULL),
(405, NULL, NULL, 'Рахманова Айгерим Улебатовна', NULL, NULL, NULL, NULL, NULL, NULL, NULL, NULL, NULL, NULL, NULL, NULL, NULL, NULL, NULL, NULL, NULL, NULL, NULL, NULL, NULL, NULL, NULL, NULL, NULL, NULL, NULL, NULL, NULL, NULL, NULL, NULL),
(406, NULL, 1, 'Рахманова Айгерим Улебатовна', NULL, NULL, NULL, NULL, NULL, NULL, NULL, NULL, NULL, NULL, NULL, NULL, NULL, NULL, NULL, NULL, NULL, NULL, NULL, NULL, NULL, NULL, NULL, NULL, NULL, NULL, NULL, NULL, NULL, NULL, NULL, NULL),
(407, NULL, 2, 'Рахманова Айгерим Улебатовна', NULL, NULL, NULL, NULL, NULL, NULL, NULL, NULL, NULL, NULL, NULL, NULL, NULL, NULL, NULL, NULL, NULL, NULL, NULL, NULL, NULL, NULL, NULL, NULL, NULL, NULL, NULL, NULL, NULL, NULL, NULL, NULL),
(408, NULL, 1, 'Рахманова Айгерим Улебатовна', NULL, NULL, NULL, NULL, NULL, NULL, NULL, NULL, NULL, NULL, NULL, NULL, NULL, NULL, NULL, NULL, NULL, NULL, NULL, NULL, NULL, NULL, NULL, NULL, NULL, NULL, NULL, NULL, NULL, NULL, NULL, NULL),
(409, NULL, 1, 'Рахманова Айгерим Улебатовна', NULL, NULL, NULL, NULL, NULL, NULL, NULL, NULL, NULL, NULL, NULL, NULL, NULL, NULL, NULL, NULL, NULL, NULL, NULL, NULL, NULL, NULL, NULL, NULL, NULL, NULL, NULL, NULL, NULL, NULL, NULL, NULL),
(410, NULL, 1, 'qwrrwerwe', NULL, NULL, NULL, NULL, NULL, NULL, NULL, NULL, NULL, NULL, NULL, NULL, NULL, NULL, NULL, NULL, NULL, NULL, NULL, NULL, NULL, NULL, NULL, NULL, NULL, NULL, NULL, NULL, NULL, NULL, NULL, NULL),
(411, NULL, 1, 'qwrrwerwe', NULL, NULL, NULL, NULL, NULL, NULL, NULL, NULL, NULL, NULL, NULL, NULL, NULL, NULL, NULL, NULL, NULL, NULL, NULL, NULL, NULL, NULL, NULL, NULL, NULL, NULL, NULL, NULL, NULL, NULL, NULL, NULL),
(412, NULL, 2, 'Школьное питание', NULL, NULL, NULL, NULL, NULL, NULL, NULL, NULL, NULL, NULL, NULL, NULL, NULL, NULL, NULL, NULL, NULL, NULL, NULL, NULL, NULL, NULL, NULL, NULL, NULL, NULL, NULL, NULL, NULL, NULL, NULL, NULL),
(413, NULL, 2, 'Школьное питание', NULL, NULL, NULL, NULL, NULL, NULL, NULL, NULL, NULL, NULL, NULL, NULL, NULL, NULL, NULL, NULL, NULL, NULL, NULL, NULL, NULL, NULL, NULL, NULL, NULL, NULL, NULL, NULL, NULL, NULL, NULL, NULL),
(414, NULL, 2, 'Школьное питание', NULL, NULL, NULL, NULL, NULL, NULL, NULL, NULL, NULL, NULL, NULL, NULL, NULL, NULL, NULL, NULL, NULL, NULL, NULL, NULL, NULL, NULL, NULL, NULL, NULL, NULL, NULL, NULL, NULL, NULL, NULL, NULL),
(415, NULL, 2, 'Школьное питание', 1, NULL, NULL, NULL, NULL, NULL, NULL, NULL, NULL, NULL, NULL, NULL, NULL, NULL, NULL, NULL, NULL, NULL, NULL, NULL, NULL, NULL, NULL, NULL, NULL, NULL, NULL, NULL, NULL, NULL, NULL, NULL),
(416, NULL, 1, 'Школьное питание', 1, NULL, NULL, NULL, NULL, NULL, NULL, NULL, NULL, NULL, NULL, NULL, NULL, NULL, NULL, NULL, NULL, NULL, NULL, NULL, NULL, NULL, NULL, NULL, NULL, NULL, NULL, NULL, NULL, NULL, NULL, NULL),
(417, NULL, 1, 'Школьное питание', 0, NULL, NULL, NULL, NULL, NULL, NULL, NULL, NULL, NULL, NULL, NULL, NULL, NULL, NULL, NULL, NULL, NULL, NULL, NULL, NULL, NULL, NULL, NULL, NULL, NULL, NULL, NULL, NULL, NULL, NULL, NULL),
(418, NULL, 1, 'Школьное питание', 0, NULL, NULL, NULL, NULL, NULL, NULL, NULL, NULL, NULL, NULL, NULL, NULL, NULL, NULL, NULL, NULL, NULL, NULL, NULL, NULL, NULL, NULL, NULL, NULL, NULL, NULL, NULL, NULL, NULL, NULL, NULL),
(419, NULL, 1, 'Школьное питание', 0, 1, 0, 0, 1, 0, 0, 1, 0, 0, 0, 0, 0, 0, 0, 0, 0, 1, 0, 0, 0, 0, 0, 0, 1, 0, 0, 0, 1, 0, NULL, NULL),
(420, NULL, 1, 'Школьное питание', 0, 1, 0, 0, 1, 0, 0, 1, 0, 0, 0, 0, 0, 0, 0, 0, 0, 1, 0, 0, 0, 0, 0, 0, 1, 0, 0, 0, 1, 0, NULL, NULL),
(421, 14, 1, 'Школьное питание', 0, 1, 0, 0, 1, 0, 0, 1, 0, 0, 0, 0, 0, 0, 0, 0, 0, 1, 0, 0, 0, 0, 0, 0, 1, 0, 0, 0, 1, 0, NULL, NULL),
(422, 14, 1, 'Школьное питание', 0, 1, 0, 0, 1, 0, 0, 1, 0, 0, 0, 0, 0, 0, 0, 0, 0, 1, 0, 0, 0, 0, 0, 0, 1, 0, 0, 0, 1, 0, NULL, '-2001'),
(423, 14, 1, 'Школьное питание', 0, 1, 0, 0, 1, 0, 0, 1, 0, 0, 0, 0, 0, 0, 0, 0, 0, 1, 0, 0, 0, 0, 0, 0, 1, 0, 0, 0, 1, 0, NULL, '1999'),
(424, 14, 1, 'Школьное питание', 0, 1, 0, 0, 1, 0, 0, 1, 0, 0, 0, 0, 0, 0, 0, 0, 0, 1, 0, 0, 0, 0, 0, 0, 1, 0, 0, 0, 1, 0, NULL, '-3735'),
(425, 14, 1, 'Школьное питание', 0, 1, 0, 0, 1, 0, 0, 1, 0, 0, 0, 0, 0, 0, 0, 0, 0, 1, 0, 0, 0, 0, 0, 0, 1, 0, 0, 0, 1, 0, '00:59:07', '-2035'),
(426, 14, 1, 'Рахманова Айгерим Улебатовна', 0, 0, 0, 0, 1, 0, 0, 0, 0, 0, 0, 0, 0, 0, 0, 0, 0, 1, 0, 0, 0, 0, 0, 0, 1, 0, 0, 0, 1, 0, NULL, NULL),
(427, 14, 1, 'Рахманова Айгерим Улебатовна', 0, 0, 0, 0, 1, 0, 0, 0, 0, 0, 0, 0, 0, 0, 0, 0, 0, 1, 0, 0, 0, 0, 0, 0, 1, 0, 0, 0, 1, 0, NULL, NULL),
(428, 14, 1, 'Рахманова Айгерим Улебатовна', 0, 0, 0, 0, 1, 0, 0, 0, 0, 0, 0, 0, 0, 0, 0, 0, 0, 1, 0, 0, 0, 0, 0, 0, 1, 0, 0, 0, 1, 0, '00:59:41', NULL),
(429, 14, 1, 'Рахманова Айгерим Улебатовна', 0, 0, 0, 0, 1, 0, 0, 0, 0, 0, 0, 0, 0, 0, 0, 0, 0, 1, 0, 0, 0, 0, 0, 0, 1, 0, 0, 0, 1, 0, '00:59:41', '18.01.2018'),
(430, 14, 1, 'Рахманова Айгерим Улебатовна', 0, 0, 0, 0, 0, 0, 0, 0, 0, 0, 0, 0, 0, 0, 0, 0, 0, 0, 0, 0, 0, 0, 0, 0, 0, 0, 0, 0, 0, 0, '00:59:10', '18.01.2018'),
(431, 14, 1, 'Рахманова Айгерим Улебатовна', 0, 0, 0, 0, 0, 0, 0, 0, 0, 0, 0, 0, 0, 0, 0, 0, 0, 0, 0, 0, 0, 0, 0, 0, 0, 0, 0, 0, 0, 0, '00:59:10', '18.01.2018'),
(432, 14, 2, 'Рахманова Айгерим Улебатовна', 0, 0, 0, 0, 1, 0, 0, 0, 0, 1, 0, 1, 0, 1, 0, 0, 0, 1, 1, 0, 1, 1, 0, 0, 0, 0, 0, 0, 0, 1, '00:59:50', '18.01.2018'),
(433, 4, 1, 'Супер стройка', 0, 0, 0, 0, 1, 0, 0, 0, 0, 1, 0, 0, 0, 0, 0, 0, 1, 1, 0, 0, 0, 0, 0, 0, 1, 1, 0, 1, 1, 0, '00:00:01', '24.01.2018'),
(434, 4, 1, 'Супер стройка', 0, 0, 0, 0, 1, 0, 0, 0, 0, 0, 0, 0, 0, 0, 0, 0, 0, 0, 0, 0, 0, 0, 0, 0, 0, 0, 0, 0, 0, 0, '00:59:12', '24.01.2018'),
(435, 4, 1, 'Супер стройка', 0, 0, 0, 0, 1, 0, 0, 0, 0, 0, 0, 0, 0, 0, 0, 0, 0, 0, 0, 0, 0, 0, 0, 0, 0, 0, 0, 0, 0, 0, '00:59:12', '24.01.2018'),
(436, 4, 2, 'fazanis', 0, 0, 0, 0, 1, 0, 0, 0, 0, 1, 0, 0, 0, 0, 0, 0, 0, 0, 0, 0, 0, 0, 0, 0, 0, 0, 0, 0, 0, 0, '00:59:21', '24.01.2018');

-- --------------------------------------------------------

--
-- Структура таблицы `test_user`
--

CREATE TABLE IF NOT EXISTS `test_user` (
  `id` int(11) NOT NULL,
  `login` varchar(255) NOT NULL,
  `parol` varchar(225) NOT NULL,
  `role` varchar(20) NOT NULL
) ENGINE=InnoDB AUTO_INCREMENT=2 DEFAULT CHARSET=utf8;

--
-- Дамп данных таблицы `test_user`
--

INSERT INTO `test_user` (`id`, `login`, `parol`, `role`) VALUES
(1, 'zhanar', 'zhanar2017', 'admin');

-- --------------------------------------------------------

--
-- Структура таблицы `test_var_otv`
--

CREATE TABLE IF NOT EXISTS `test_var_otv` (
  `id` int(11) NOT NULL,
  `id_vop` int(11) NOT NULL,
  `otvet` varchar(255) NOT NULL,
  `prav` int(11) NOT NULL
) ENGINE=InnoDB AUTO_INCREMENT=681 DEFAULT CHARSET=utf8;

--
-- Дамп данных таблицы `test_var_otv`
--

INSERT INTO `test_var_otv` (`id`, `id_vop`, `otvet`, `prav`) VALUES
(1, 1, 'негативный;', 0),
(2, 1, 'опасный;', 0),
(3, 1, 'вредный. ', 1),
(4, 2, 'государственный инспектор труда;', 0),
(5, 2, 'представитель республиканского объединения работников;', 0),
(6, 2, 'специалист по безопасности и охране труда организации.', 1),
(7, 3, 'охрана труда;', 0),
(8, 3, 'гигиена труда;', 0),
(9, 3, 'безопасность труда. ', 1),
(10, 4, 'в приказе;', 0),
(11, 4, 'в трудовом договоре;', 1),
(12, 4, 'в санитарной книжке.', 0),
(13, 5, 'о производственной травме;', 1),
(14, 5, 'о несоблюдении  условий трудового договора;', 0),
(15, 5, 'о не выполнении норм выработки. ', 0),
(16, 6, 'ежегодно;', 0),
(17, 6, 'раз в  3  года;', 1),
(18, 6, 'раз в 5 лет.', 0),
(19, 7, 'не подлежит заверению; ', 0),
(20, 7, 'печатью организации;', 1),
(21, 7, 'факсимиле службы безопасности и охраны труда. ', 0),
(22, 8, 'декларирования деятельности работодателя;', 0),
(23, 8, 'аттестации производственных объектов;', 1),
(24, 8, 'мониторинга безопасности и охраны труда', 0),
(25, 9, 'для  только принятых  работников', 0),
(26, 9, 'для работников на работах с вредными и (или) опасными условиями труда;', 1),
(27, 9, 'для родителей детей до 3 лет по их заявлению.  ', 0),
(28, 10, 'специальная одежда;', 0),
(29, 10, 'система вентиляции;', 1),
(30, 10, 'специальная обувь.  ', 0),
(31, 11, 'разрешается;', 0),
(32, 11, 'запрещается;', 1),
(33, 11, 'разрешается при наличии  заявления работника. ', 0),
(34, 12, 'добровольным; ', 0),
(35, 12, 'обязательным;', 1),
(36, 12, 'накопительным. ', 0),
(37, 13, 'подлежат обязательной регистрации и  учету;', 0),
(38, 13, 'проводятся на основе предварительного уведомления;', 0),
(39, 13, 'не подлежат регистрации и учету.', 1),
(40, 14, 'не реже чем один раз в 3 года;', 0),
(41, 14, 'не реже чем  один раз в  5 лет;', 1),
(42, 14, 'не реже чем один раз в 7 лет.', 0),
(43, 15, 'более  20 человек;', 0),
(44, 15, 'более 50 человек;', 1),
(45, 15, 'более 100 человек.', 0),
(46, 16, 'работодатель должен  привлечь к дисциплинарной ответственности;', 0),
(47, 16, 'работодатель вправе отстранить от работы;', 0),
(48, 16, 'работодатель обязан отстранить от работы.', 1),
(49, 17, 'вводный;', 0),
(50, 17, 'повторный; ', 0),
(51, 17, 'целевой. ', 1),
(52, 18, '1  час в течение суток;', 1),
(53, 18, '2 часа в течение суток;', 0),
(54, 18, '3 часа в течение суток.  ', 0),
(55, 19, 'профилактические осмотры;', 0),
(56, 19, 'периодические  медицинские осмотры;', 1),
(57, 19, 'диспансеризацию, скрининг по месту жительства.', 0),
(58, 20, '25 лет;', 0),
(59, 20, '45 лет;', 1),
(60, 20, '70 лет.', 0),
(61, 21, 'производственная травма;', 0),
(62, 21, 'грубая неосторожность;', 1),
(63, 21, 'халатность', 0),
(64, 22, 'в случае брака, рождения ребенка;', 0),
(65, 22, 'занятым на  работах с вредными и (или) опасными условиями труда;', 1),
(66, 22, 'в случае систематической переработки.', 0),
(67, 23, 'общественный контроль;', 0),
(68, 23, 'внутренний контроль;', 0),
(69, 23, 'внешний контроль.', 1),
(70, 24, 'административная;', 0),
(71, 24, 'гражданско-правовая;', 0),
(72, 24, 'уголовная.', 1),
(73, 25, 'сроки пользования исчисляются со дня выдачи работниками средств индивидуальной защиты;', 1),
(74, 25, 'сроки пользования средств индивидуальной защиты исчисляются  со дня первой чистки, стирки;', 0),
(75, 25, 'сроки использования средств индивидуальной защиты исчисляются  со дня их приобретения работодателем. ', 0),
(76, 26, 'до 2,6%;', 0),
(77, 26, 'до 2,8%;', 0),
(78, 26, 'до 3,2%.', 1),
(79, 27, 'производственный совет по  безопасности и охране труда;', 0),
(80, 27, 'служба безопасности и охраны труда;', 1),
(81, 27, 'технический инспектор. ', 0),
(82, 28, 'допускается, но только в  натуральной форме;', 0),
(83, 28, 'допускается в виде дополнительных дней отпуска;', 0),
(84, 28, 'не допускается. ', 1),
(85, 29, 'производственной травмы;', 1),
(86, 29, 'рекомендации профсоюза;', 0),
(87, 29, 'заявления работника.', 0),
(88, 30, '15 минут;', 0),
(89, 30, '30 минут;', 1),
(90, 30, '45 минут. ', 0),
(91, 31, 'негативный;', 0),
(92, 31, 'опасный', 1),
(93, 31, 'вредный.', 0),
(94, 32, 'государственный инспектор труда;', 0),
(95, 32, 'представитель республиканского объединения работников;', 0),
(96, 32, 'специалист по безопасности и охране труда организации', 1),
(97, 33, 'охрана труда;', 0),
(98, 33, 'гигиена труда;', 0),
(99, 33, 'безопасность труда', 1),
(100, 34, 'в приказе', 0),
(101, 34, 'в трудовом договоре', 1),
(102, 34, 'в санитарной книжке', 0),
(103, 35, 'о производственной травме', 1),
(104, 35, 'о несоблюдении  условий трудового договора;', 0),
(105, 35, 'о не выполнении норм выработки. ', 0),
(106, 36, 'ежегодно', 0),
(107, 36, 'раз в 3 года', 1),
(108, 36, 'раз в 5 лет', 0),
(109, 37, 'не подлежит заверению', 0),
(110, 37, 'печатью организации', 1),
(111, 37, 'факсимиле службы безопасности и охраны труда', 0),
(112, 38, 'декларирования деятельности работодателя', 0),
(113, 38, 'аттестации производственных объектов', 1),
(114, 38, 'мониторинга безопасности и охраны труда', 0),
(115, 39, 'для  только принятых  работников;', 0),
(116, 39, 'для работников на работах с вредными и (или) опасными условиями труда', 1),
(117, 39, 'для родителей детей до 3 лет по их заявлению', 0),
(118, 40, 'с мотивацией', 1),
(119, 40, 'адаптацией', 0),
(120, 40, 'реабилитацией', 0),
(121, 41, 'не регулируется', 0),
(122, 41, 'разрешается', 0),
(123, 41, 'запрещается', 1),
(124, 42, 'добровольным;', 0),
(125, 42, 'обязательным;', 1),
(126, 42, 'накопительным', 0),
(127, 43, 'подлежат обязательной регистрации и учету;', 0),
(128, 43, 'проводятся на основе предварительного уведомления;', 0),
(129, 43, 'не подлежат регистрации и учету.', 1),
(130, 44, 'не реже чем один раз в 3 года;', 0),
(131, 44, 'не реже чем  один раз в  5 лет;', 1),
(132, 44, 'не реже чем один раз в 7 лет.', 0),
(133, 45, 'заводы, карьеры;', 0),
(134, 45, 'организации образования, социальной защиты; ', 1),
(135, 45, 'предприятия общественного питания, фабрики', 0),
(136, 46, 'работодатель должен  привлечь к дисциплинарной ответственности;', 0),
(137, 46, 'работодатель вправе отстранить от работы;', 0),
(138, 46, 'работодатель обязан отстранить от работы', 1),
(139, 47, 'в журнале;', 1),
(140, 47, 'в карточке;', 0),
(141, 47, 'в личном деле.', 0),
(142, 48, '1  час в течение суток;', 1),
(143, 48, '2 часа в течение суток;', 0),
(144, 48, '3 часа в течение суток.  ', 0),
(145, 49, 'профилактические осмотры;', 0),
(146, 49, 'периодические  медицинские осмотры;', 1),
(147, 49, 'диспансеризацию, скрининг по месту жительства.', 0),
(148, 50, '25 лет;', 0),
(149, 50, '45 лет;', 1),
(150, 50, '70 лет.', 0),
(151, 51, 'производственная травма;', 0),
(152, 51, 'грубая неосторожность;', 1),
(153, 51, 'халатность.', 0),
(154, 52, 'в случае брака, рождения ребенка;', 0),
(155, 52, 'занятым на  работах с вредными и (или) опасными условиями труда;', 1),
(156, 52, 'в случае систематической переработки.', 0),
(157, 53, 'общественный контроль;', 0),
(158, 53, 'внутренний контроль;', 0),
(159, 53, 'внешний контроль.', 1),
(160, 54, 'административная;', 0),
(161, 54, 'гражданско-правовая;', 0),
(162, 54, 'уголовная.', 1),
(163, 55, 'сроки пользования исчисляются со дня выдачи работниками средств индивидуальной защиты;', 1),
(164, 55, 'сроки пользования средств индивидуальной защиты исчисляются  со дня первой чистки, стирки;', 0),
(165, 55, 'сроки использования средств индивидуальной защиты исчисляются  со дня их приобретения работодателем. ', 0),
(166, 56, 'средствам индивидуальной защиты;', 1),
(167, 56, 'средствам  коллективной защиты;', 0),
(168, 56, 'производственному оборудованию.', 0),
(169, 57, 'вызов ответственного лица;', 0),
(170, 57, 'остановку всех  рабочих  процессов;', 0),
(171, 57, 'оказание первой медицинской помощи. ', 1),
(172, 58, 'обязателен;', 1),
(173, 58, 'не обязателен;', 0),
(174, 58, 'необходимость зависит от коллективного договора.  ', 0),
(175, 59, 'производственной травмы;', 1),
(176, 59, 'рекомендации профсоюза;', 0),
(177, 59, 'заявления работника.', 0),
(178, 60, '15 минут;', 0),
(179, 60, '30 минут;', 1),
(180, 60, '45 минут.', 0),
(181, 61, 'жағымсыз;', 0),
(182, 61, 'қауіпті;', 0),
(183, 61, 'зиянды;', 1),
(184, 61, 'техногендік;', 0),
(185, 61, 'аталғанның бәрі.', 0),
(186, 62, 'мемлекеттік еңбек  инспекторы;', 0),
(187, 62, 'жұмыскерлердің республикалық немесе салалық қоғамдастығының өкілі;', 1),
(188, 62, 'жұмыскерлердің қауіпсіздік және еңбекті қорғау бойынша сыртқы бақылауды  қамтамасыз ететін жұмыскерлер өкілі;   ', 0),
(189, 62, 'ұйымның қауіпсіздік және еңбекті қорғау жөніндегі маманы.', 0),
(190, 62, 'аталғанның бәрі.', 0),
(191, 63, 'еңбекті қорғау;', 1),
(192, 63, 'еңбек гигиенасы;', 0),
(193, 63, 'еңбек шарттары;', 0),
(194, 63, 'еңбек қауіпсіздігі. ', 0),
(195, 64, 'бұйрықта;', 0),
(196, 64, 'еңбек келісім шартында;', 1),
(197, 64, 'санитарлық кітапшада;', 0),
(198, 64, 'аталғанның барлығы. ', 0),
(199, 65, 'жұмыскерлердің әрбір өндірістік жарақаты немесе басқа да зақымданулары туралы;', 0),
(200, 65, 'кәсіби сырқаттың (уланудың) белгілері туралы;', 1),
(201, 65, 'адам өмірі мен денсаулығына қауіпті  жағдай туғызатын белгі туралы;', 0),
(202, 65, 'өнім нормаларын дұрыс орындалмағаны туралы. ', 0),
(203, 66, 'жыл сайын;', 0),
(204, 66, '5 жылда бір рет;', 1),
(205, 66, '7 жылда бір рет;', 0),
(206, 66, 'қажеттілікке қарай;', 0),
(207, 66, 'дұрыс жауап жоқ. ', 0),
(208, 67, 'растауға жатпайды; ', 0),
(209, 67, 'ұйым мөрімен;', 1),
(210, 67, 'қауіпсіздік және еңбекті қорғау қызметінің көшірме қолхаты;', 0),
(211, 67, 'еңбек инспекциясының мөртабанымен.', 0),
(212, 68, 'жұмыс беруші қызметін мағлұмдаумен;', 0),
(213, 68, 'өндіріс объектілерін аттестаттаумен;', 1),
(214, 68, 'ұйымға еңбекті қорғау жүйесін еңгізумен', 0),
(215, 68, 'қауіпсіздік және еңбекті қорғау мониторингімен.', 0),
(216, 69, 'ауыр жұмыстарды орындайтын жұмыскерлер үшін;', 0),
(217, 69, 'зиянды және (немесе) қауіпті еңбек шарттары бар жұмыстарды орындайтын жұмыскерлер үшін;', 1),
(218, 69, 'кәмелетке толмаған жұмыскерлер үшін;', 0),
(219, 69, 'аталғанның барлығы. ', 0),
(220, 70, 'жылыту жүйесі;', 0),
(221, 70, 'желдету жүйесі;', 1),
(222, 70, 'жарықтандыру жүйесі;', 0),
(223, 70, 'аталғанның барлығы.', 0),
(224, 71, 'сегіз сағат;', 0),
(225, 71, 'он сағат;', 1),
(226, 71, 'он екі сағат;', 0),
(227, 71, 'он алты сағат. ', 0),
(228, 72, 'қауіпсіздік және еңбекті қорғау қызметімен; ', 0),
(229, 72, 'жұмыскерлермен;', 1),
(230, 72, 'жұмыс өкілдерімен;', 0),
(231, 72, 'жұмыс берушімен. ', 0),
(232, 73, 'міндетті тіркеу  мен есепке алуға;', 0),
(233, 73, 'алдын -ала ескерту негізінде жүргізілуге;', 0),
(234, 73, 'тіркеу мен есепке алуға жатпайды;', 1),
(235, 73, 'дұрыс жауап жоқ. ', 0),
(236, 74, '3 жылда бір реттен кем емес;', 0),
(237, 74, '6 жылда бір реттен кем емес;', 1),
(238, 74, '9 жылда бір реттен кем емес;', 0),
(239, 74, '12 жылда бір реттен кем емес;', 0),
(240, 74, 'дұрыс жауап жоқ.  ', 0),
(241, 75, '20 адамнан аса;', 0),
(242, 75, '50 адамнан аса;', 1),
(243, 75, '100 адамнан аса;', 0),
(244, 75, '150 адамнан аса.', 0),
(245, 76, 'жұмыс беруші оны тәртіптік жауапкершілікке тартуы қажет;', 0),
(246, 76, 'жұмыс беруші оны жұмыстан шеттетуге құқылы;', 0),
(247, 76, 'жұмыс беруші оны жұмыстан шеттетуге міндетті; ', 1),
(248, 76, 'дұрыс жауап жоқ.  ', 0),
(249, 77, 'кіріспе;', 0),
(250, 77, 'жұмыс орнында алғашқы;', 0),
(251, 77, 'қайталау; ', 1),
(252, 77, 'жоспардан тыс;  ', 0),
(253, 77, 'арнаулы. ', 0),
(254, 78, '2 ауысымдағы жұмыс;', 1),
(255, 78, '3 ауысымдағы жұмыс;', 0),
(256, 78, '4 ауысымдағы жұмыс; ', 0),
(257, 78, 'аталғанның барлығы. ', 0),
(258, 79, 'ауысым алды, ауысымнан кейінгі медициналық куәландыру;', 0),
(259, 79, 'кезеңдік медициналық қараулар және жұмыскерлерді қараудан өткізу;', 1),
(260, 79, 'қажетті санитарлық- гигиеналық шарттар;', 0),
(261, 79, 'аталғанның барлығы.', 0),
(262, 80, '25 жыл;', 0),
(263, 80, '45 жыл;', 1),
(264, 80, '70 жыл;', 0),
(265, 80, 'мерзімсіз.', 0),
(266, 81, 'өндірістік жарақат;', 0),
(267, 81, 'еңбек тәртібін бұзу;', 1),
(268, 81, 'өрескел абайсыздық;', 0),
(269, 81, 'немқұрайлылық.', 0),
(270, 82, 'ауыр жұмыстарды орындайтындарға;', 0),
(271, 82, 'қауіпті және (немесе) зиянды  еңбек шарттарымен байланысты жұмыстарды орындайтындарға;', 1),
(272, 82, 'бірінші және екінші топтар санындағыларға;', 0),
(273, 82, 'аталғанның барлығы.', 0),
(274, 83, 'қоғамдық бақылау;', 0),
(275, 83, 'сыртқы бақылау;', 0),
(276, 83, 'ішкі бақылау;', 1),
(277, 83, 'аталғанның барлығы.', 0),
(278, 84, 'әкімшілік', 0),
(279, 84, 'азаматтық- құқықтық', 0),
(280, 84, 'қылмыстық', 1),
(281, 84, 'аталған барлық түрлерге жатуы мүмкін.', 0),
(282, 85, 'қолдану мерзімі жұмыскерлердің жеке қорғаныс құралдарын қолдану күнінен бастап есептеледі;', 1),
(283, 85, 'жеке қорғаныс құралдарын қолдану мерзімі алғашқы тазалау, жуу күнінен бастап;', 0),
(284, 85, 'жеке қорғаныс құралдарын қолдану мерзімі жұмыс берушінің оларды сатып алу кезінен бастап. ', 0),
(285, 85, 'дұрыс жауап жоқ.', 0),
(286, 86, 'до 2,6%;', 0),
(287, 86, 'до 2,8%;', 0),
(288, 86, 'до 3,2%;', 1),
(289, 86, '3,5 және одан аса.', 0),
(290, 87, 'қауіпсіздік және еңбекті қорғау жөніндегі өндірістік кеңес;', 1),
(291, 87, 'қауіпсіздік және еңбекті қорғау қызметі;', 0),
(292, 87, 'техникалық инспектор;', 0),
(293, 87, 'дұрыс жауап жоқ   ', 0),
(294, 88, 'заттай нысанда болса ғана рұқсат етіледі;', 0),
(295, 88, 'қосымша демалыс күндері түрінде рұқсат етіледі;', 0),
(296, 88, 'рұқсат етілмейді;', 1),
(297, 88, 'емдік- профилактикалық тамақтануды берумен алмастырылады.', 0),
(298, 89, 'өндірістік жарақат;', 1),
(299, 89, 'кәсіби сырқат;', 0),
(300, 89, 'басқа да денсаулық жарақаттарында;', 0),
(301, 89, 'аталғанның барлығы. ', 0),
(302, 90, '15 минуттан;', 0),
(303, 90, '30 минуттан;', 1),
(304, 90, '45 минуттан;', 0),
(305, 90, '60 минуттан.', 0),
(306, 91, 'жағымсыз', 0),
(307, 91, 'қауіпті', 1),
(308, 91, 'зиянды', 0),
(309, 92, 'мемлекеттік еңбек инспекторы;', 0),
(310, 92, 'жұмыскерлердің республикалық қоғамдастығының өкілі;', 0),
(311, 92, 'қауіпсіздік және еңбекті қорғау жөніндегі маман.', 1),
(312, 93, 'еңбекті қорғау;', 0),
(313, 93, 'еңбек гигиенсы;', 0),
(314, 93, 'еңбек қауіпсіздігі.', 1),
(315, 94, 'бұйрықта;', 0),
(316, 94, 'еңбек келісім шартында', 1),
(317, 94, 'санитарлық кітапшада', 0),
(318, 95, 'өндірістік жарақат туралы;', 1),
(319, 95, 'еңбек келісім шартының шараларын сақтамау туралы;', 0),
(320, 95, 'өңдіру нормаларының орындалмауы туралы', 0),
(321, 96, 'жыл сайын;', 0),
(322, 96, '3 жылда бір рет;', 1),
(323, 96, '5 жылда бір рет.', 0),
(324, 97, 'куәландыруға жатпайды;', 0),
(325, 97, 'ұйым мөрімен;', 1),
(326, 97, 'қауіпсіздік және еңбекті қорғау қызметінің көшіргі мөрі', 0),
(327, 98, 'жұмыс беруші қызметін мағлұмдау;', 0),
(328, 98, 'өндірістік объектілерді аттестаттау;', 1),
(329, 98, 'қауіпсіздік және еңбекті қорғау  мониторингі;', 0),
(330, 99, 'жаңадан қабылданған жұмыскерлер үшін;', 0),
(331, 99, 'зиянды және (немесе) қауіпті еңбек шарттары бар жұмыстардағы жұмыскерлер үшін;', 1),
(332, 99, '3 жасқа дейінгі балалардың ата- аналары үшін, олардың өтініштері бойынша;', 0),
(333, 100, 'уәждемемен;', 1),
(334, 100, 'бейімделумен;', 0),
(335, 100, 'оңалтумен.', 0),
(336, 101, 'реттелмейді', 0),
(337, 101, 'рұқсат етіледі', 0),
(338, 101, 'рұқсат етілмейді', 1),
(339, 102, 'ерікті;', 0),
(340, 102, 'міндетті;', 1),
(341, 102, 'жинақтаушы.', 0),
(342, 103, 'міндетті тіркеу мен есепке алуға жатады; ', 0),
(343, 103, 'алдын-ала ескерту бойынша жүргізіледі; ', 0),
(344, 103, 'тіркеу мен есепке жатпайды', 1),
(345, 104, '3 жылда бір реттен кем емес', 0),
(346, 104, '5 жылда бір реттен кем емес', 1),
(347, 104, '7 жылда бір реттен кем емес', 0),
(348, 105, 'зауыттар, карьерлар', 0),
(349, 105, 'білім беру, әлеуметтік қорғау  ұйымдары', 1),
(350, 105, 'Қоғамдық тамақтану кәсіпорындары, фабрикалар', 0),
(351, 106, 'жұмыс беруші тәртіптік жауапкершілікке тарту қажет;', 0),
(352, 106, 'жұмыс беруші жұмыстан шығаруға құқылы', 0),
(353, 106, 'жұмыс беруші жұмыстан шығаруға міндетті ', 1),
(354, 107, 'журналда', 1),
(355, 107, 'карточкада', 0),
(356, 107, 'жеке істе', 0),
(357, 108, 'тәулік ағымында 1 сағат', 0),
(358, 108, 'тәулік ағымында 2 сағат', 1),
(359, 108, 'тәулік ағымында 3 сағат; ', 0),
(360, 109, 'профилактикалық тексеруден', 0),
(361, 109, 'кезеңді  медициналық тексеруден ', 1),
(362, 109, 'тұрғылықты орын бойынша диспансерлеу, скрининг', 0),
(363, 110, '25 жыл', 0),
(364, 110, '45 жыл;', 1),
(365, 110, '70 жыл.', 0),
(366, 111, 'өндірістік жарақат', 0),
(367, 111, 'өрескел абайсыздық', 1),
(368, 111, 'немқұрайлылық. ', 0),
(369, 112, 'неке тұру, баланың тууына байланысты', 0),
(370, 112, 'қауіпті және (немесе) зиянды  еңбек шарттарымен байланысты жұмыстарды орындайтындарға', 1),
(371, 112, 'жүйелі түрде артық жұмыс жасау', 0),
(372, 113, 'қоғамдық бақылау;', 0),
(373, 113, 'ішкі бақылау;', 0),
(374, 113, 'сыртқы бақылау;', 1),
(375, 114, 'әкімшілік', 0),
(376, 114, 'азаматтық- құқықтық', 0),
(377, 114, 'қылмыстық', 1),
(378, 115, 'қолдану мерзімі жұмыскерлердің жеке қорғаныс құралдарын қолдану күнінен бастап есептеледі;', 1),
(379, 115, 'жеке қорғаныс құралдарын қолдану мерзімі алғашқы тазалау, жуу күнінен бастап;', 0),
(380, 115, 'жеке қорғаныс құралдарын қолдану мерзімі жұмыс берушінің оларды сатып алу кезінен бастап. ', 0),
(381, 116, 'жеке қорғаныс құралдарына;', 1),
(382, 116, 'ұжымдық қорғаныс құралдарына;', 0),
(383, 116, 'өндірістік жабдыққа.', 0),
(384, 117, 'жауапты тұлғаны шақырту;', 0),
(385, 117, 'барлық жұмыс үрдістерін тоқтату;', 0),
(386, 117, 'алғашқы медициналық көмек көрсету.', 1),
(387, 118, 'міндетті;', 1),
(388, 118, 'міндетті емес;', 0),
(389, 118, 'болу қажеттілігі ұжымдық келісім шартқа байланысты.  ', 0),
(390, 119, 'өндірістік жарақат', 1),
(391, 119, 'кәсіподақ ұйымының ұсынысы бойынша;', 0),
(392, 119, 'жұмыскердің өтініші;', 0),
(393, 120, '15 минуттан', 0),
(394, 120, '30 минуттан;', 1),
(395, 120, '45 минуттан;', 0),
(407, 125, 'да', 0),
(408, 125, 'нет', 0),
(409, 126, 'аываыва', 0),
(410, 126, 'ываыва', 0),
(411, 127, 'негативный;', 0),
(412, 127, 'опасный;', 0),
(413, 127, 'вредный. ', 1),
(414, 128, 'государственный инспектор труда;', 0),
(415, 128, 'представитель республиканского объединения работников;', 0),
(416, 128, 'специалист по безопасности и охране труда организации.', 1),
(417, 129, 'собственник объекта;', 0),
(418, 129, 'заказчик;', 0),
(419, 129, 'подрядчик.', 1),
(420, 130, 'в приказе;', 0),
(421, 130, 'в трудовом договоре;', 1),
(422, 130, 'в санитарной книжке.', 0),
(423, 131, 'о производственной травме;', 1),
(424, 131, 'о несоблюдении  условий трудового договора;', 0),
(425, 131, 'о не выполнении норм выработки. ', 0),
(426, 132, 'ежегодно;', 0),
(427, 132, 'раз в  3  года;', 1),
(428, 132, 'раз в 5 лет.', 0),
(429, 133, 'обязательно; ', 1),
(430, 133, 'зависит от характера и объема работ;', 0),
(431, 133, 'определяется требованиями застройщика. ', 0),
(432, 134, 'декларирования деятельности работодателя;', 0),
(433, 134, 'аттестации производственных объектов;', 1),
(434, 134, 'мониторинга безопасности и охраны труда.', 0),
(435, 135, 'для  только принятых  работников;', 0),
(436, 135, 'для работников на работах с вредными и (или) опасными условиями труда;', 1),
(437, 135, 'для родителей детей до 3 лет по их заявлению.  ', 0),
(438, 136, 'специальная одежда;', 0),
(439, 136, 'система вентиляции;', 1),
(440, 136, 'специальная обувь.', 0),
(441, 137, 'разрешается;', 0),
(442, 137, 'запрещается;', 1),
(443, 137, 'разрешается при наличии  заявления работника. ', 0),
(444, 138, 'за  1 рабочий  день;', 0),
(445, 138, 'за 3 рабочих дня;', 1),
(446, 138, 'за 5 рабочих дней.', 0),
(447, 139, 'подлежат обязательной регистрации и  учету;', 0),
(448, 139, 'проводятся на основе предварительного уведомления;', 0),
(449, 139, 'не подлежат регистрации и учету.', 1),
(450, 140, 'не реже чем один раз в 3 года;', 0),
(451, 140, 'не реже чем  один раз в  5 лет;', 0),
(452, 140, 'не реже чем один раз в 7 лет.', 1),
(453, 141, 'более  20 человек;', 0),
(454, 141, 'более 50 человек;', 1),
(455, 141, 'более 100 человек.', 0),
(456, 142, 'работодатель должен  привлечь к дисциплинарной ответственности;', 0),
(457, 142, 'работодатель вправе отстранить от работы;', 0),
(458, 142, 'работодатель обязан отстранить от работы.', 1),
(459, 143, 'вводный;', 0),
(460, 143, 'повторный;', 0),
(461, 143, 'целевой.', 1),
(462, 144, '1  час в течение суток;', 1),
(463, 144, '2 часа в течение суток;', 0),
(464, 144, '3 часа в течение суток.  ', 0),
(465, 145, 'профилактические осмотры;', 0),
(466, 145, 'периодические  медицинские осмотры;', 1),
(467, 145, 'диспансеризацию, скрининг по месту жительства.', 0),
(468, 146, 'акту о выполнении мероприятий по безопасности труда;', 1),
(469, 146, 'технологической карте;', 0),
(470, 146, 'проекту производства работ.', 0),
(471, 147, 'производственная травма;', 0),
(472, 147, 'грубая неосторожность;', 1),
(473, 147, 'халатность. ', 0),
(474, 148, 'в случае брака, рождения ребенка;', 0),
(475, 148, 'занятым на  работах с вредными и (или) опасными условиями труда;', 1),
(476, 148, 'в случае систематической переработки.', 0),
(477, 149, 'повышенное содержание в воздухе рабочей зоны пыли или вредных веществ;', 0),
(478, 149, 'самопроизвольное обрушение элементов конструкций зданий (сооружений) и падение вышерасположенных закрепленных конструкций, материалов, оборудования;', 1),
(479, 149, 'вибрация, шум.', 0),
(480, 150, 'административная;', 0),
(481, 150, 'гражданско-правовая;', 0),
(482, 150, 'уголовная.', 1),
(483, 151, 'сроки пользования исчисляются со дня выдачи работниками средств индивидуальной защиты', 1),
(484, 151, 'сроки пользования средств индивидуальной защиты исчисляются  со дня первой чистки, стирки;', 0),
(485, 151, 'сроки использования средств индивидуальной защиты исчисляются  со дня их приобретения работодателем. ', 0),
(486, 152, 'до 2,6%;', 0),
(487, 152, 'до 2,8%;', 0),
(488, 152, 'до 3,2%.', 1),
(489, 153, 'прекращается;', 1),
(490, 153, 'продолжается;', 0),
(491, 153, 'прекращается только в случае ведения сварочных, электромонтажных работ.    ', 0),
(492, 154, 'допускается, но только в  натуральной форме;', 0),
(493, 154, 'допускается в виде дополнительных дней отпуска;', 0),
(494, 154, 'не допускается. ', 1),
(495, 155, 'производственной травмы;', 1),
(496, 155, 'рекомендации профсоюза;', 0),
(497, 155, 'заявления работника.', 0),
(498, 156, '15 минут;', 0),
(499, 156, '30 минут;', 1),
(500, 156, '45 минут. ', 0),
(501, 157, 'негативный;', 0),
(502, 157, 'опасный;', 0),
(503, 157, 'вредный. ', 1),
(504, 158, 'государственный инспектор труда;', 0),
(505, 158, 'представитель республиканского объединения работников;', 0),
(506, 158, 'специалист по безопасности и охране труда организации.', 1),
(507, 159, 'при включенной приточной или местной вытяжной  вентиляции;', 1),
(508, 159, 'при организации  воздушных завес;', 0),
(509, 159, 'при герметизации емкостей. ', 0),
(510, 160, 'в приказе;', 0),
(511, 160, 'в трудовом договоре;', 1),
(512, 160, 'в санитарной книжке.', 0),
(513, 161, 'о производственной травме;', 1),
(514, 161, 'о несоблюдении  условий трудового договора;', 0),
(515, 161, 'о не выполнении норм выработки. ', 0),
(516, 162, 'ежегодно;', 0),
(517, 162, 'раз в  3  года;', 1),
(518, 162, 'раз в 5 лет.', 0),
(519, 163, 'выхода из строя во время смены; ', 0),
(520, 163, 'аварийного состояния;', 0),
(521, 163, 'ограждения. ', 1),
(522, 164, 'декларирования деятельности работодателя;', 0),
(523, 164, 'аттестации производственных объектов;', 1),
(524, 164, 'мониторинга безопасности и охраны труда.', 0),
(525, 165, 'для  только принятых  работников;', 0),
(526, 165, 'для работников на работах с вредными и (или) опасными условиями труда;', 1),
(527, 165, 'для родителей детей до 3 лет по их заявлению.  ', 0),
(528, 166, 'специальная одежда;', 0),
(529, 166, 'система вентиляции;', 1),
(530, 166, 'специальная обувь.  ', 0),
(531, 167, 'разрешается;', 0),
(532, 167, 'запрещается;', 1),
(533, 167, 'разрешается при наличии  заявления работника. ', 0),
(534, 168, 'производителем (изготовителем); ', 1),
(535, 168, 'инспекторами ветеринарного, санитарного надзора;', 0),
(536, 168, 'организациями потребителей.', 0),
(537, 169, 'подлежат обязательной регистрации и  учету;', 0),
(538, 169, 'проводятся на основе предварительного уведомления;', 0),
(539, 169, 'не подлежат регистрации и учету.', 1),
(540, 170, 'не реже чем один раз в 3 года;', 0),
(541, 170, 'не реже чем  один раз в  5 лет;', 1),
(542, 170, 'не реже чем один раз в 7 лет.', 0),
(543, 171, 'более  20 человек;', 0),
(544, 171, 'более 50 человек;', 1),
(545, 171, 'более 100 человек.', 0),
(546, 172, 'работодатель должен  привлечь к дисциплинарной ответственности;', 0),
(547, 172, 'работодатель вправе отстранить от работы;', 0),
(548, 172, 'работодатель обязан отстранить от работы.', 1),
(549, 173, 'вводный;', 0),
(550, 173, 'повторный; ', 0),
(551, 173, 'целевой', 1),
(552, 174, '1  час в течение суток;', 1),
(553, 174, '2 часа в течение суток;', 0),
(554, 174, '3 часа в течение суток.  ', 0),
(555, 175, 'профилактические осмотры;', 1),
(556, 175, 'периодические  медицинские осмотры;', 0),
(557, 175, 'диспансеризацию, скрининг по месту жительства.', 0),
(558, 176, '2 комплектов;', 0),
(559, 176, '3 комплектов;', 1),
(560, 176, '5 комплектов.', 0),
(561, 177, 'производственная травма;', 0),
(562, 177, 'грубая неосторожность;', 1),
(563, 177, 'халатность. ', 0),
(564, 178, 'в случае брака, рождения ребенка;', 0),
(565, 178, 'занятым на  работах с вредными и (или) опасными условиями труда;', 1),
(566, 178, 'в случае систематической переработки.', 0),
(567, 179, 'воздушные завесы;', 0),
(568, 179, 'рециркуляцию воздуха;', 0),
(569, 179, 'воздушное душирование.', 1),
(570, 180, 'административная;', 0),
(571, 180, 'гражданско-правовая;', 0),
(572, 180, 'уголовная.', 1),
(573, 181, 'сроки пользования исчисляются со дня выдачи работниками средств индивидуальной защиты;', 1),
(574, 181, 'сроки пользования средств индивидуальной защиты исчисляются  со дня первой чистки, стирки;', 0),
(575, 181, 'сроки использования средств индивидуальной защиты исчисляются  со дня их приобретения работодателем. ', 0),
(576, 182, 'до 2,6%;', 0),
(577, 182, 'до 2,8%;', 0),
(578, 182, 'до 3,2%.', 1),
(579, 183, 'допускается;', 0),
(580, 183, 'допускается только к вспомогательным технологическим операциям;', 0),
(581, 183, 'не допускается. ', 1),
(582, 184, 'допускается, но только в  натуральной форме;', 0),
(583, 184, 'допускается в виде дополнительных дней отпуска;', 0),
(584, 184, 'не допускается. ', 1),
(585, 185, 'производственной травмы;', 1),
(586, 185, 'рекомендации профсоюза;', 0),
(587, 185, 'заявления работника.', 0),
(588, 186, '15 минут;', 0),
(589, 186, '30 минут;', 1),
(590, 186, '45 минут. ', 0),
(591, 187, 'негативный;', 0),
(592, 187, 'опасный;', 0),
(593, 187, 'вредный. ', 1),
(594, 188, 'государственный инспектор труда;', 0),
(595, 188, 'представитель республиканского объединения работников;', 0),
(596, 188, 'специалист по безопасности и охране труда организации.', 1),
(597, 189, 'безаварийной эксплуатации;', 0),
(598, 189, 'защиты уязвимых мест оборудования;', 0),
(599, 189, 'обеспечения безопасной работы. ', 1),
(600, 190, 'в приказе;', 0),
(601, 190, 'в трудовом договоре;', 1),
(602, 190, 'в санитарной книжке.', 0),
(603, 191, 'о производственной травме;', 1),
(604, 191, 'о несоблюдении  условий трудового договора;', 0),
(605, 191, 'о не выполнении норм выработки. ', 0),
(606, 192, 'ежегодно;', 0),
(607, 192, 'раз в  3  года;', 1),
(608, 192, 'раз в 5 лет.', 0),
(609, 193, 'опасным зонам;', 1),
(610, 193, 'травмоопасным зонам;', 0),
(611, 193, 'условно-безопасным зонам.  ', 0),
(612, 194, 'декларирования деятельности работодателя;', 0),
(613, 194, 'аттестации производственных объектов;', 1),
(614, 194, 'мониторинга безопасности и охраны труда.', 0),
(615, 195, 'для  только принятых  работников;', 0),
(616, 195, 'для работников на работах с вредными и (или) опасными условиями труда;', 1),
(617, 195, 'для родителей детей до 3 лет по их заявлению.  ', 0),
(618, 196, 'специальная одежда;', 0),
(619, 196, 'система вентиляции;', 1),
(620, 196, 'специальная обувь.  ', 0),
(621, 197, 'разрешается;', 0),
(622, 197, 'запрещается;', 1),
(623, 197, 'разрешается при наличии  заявления работника', 0),
(624, 198, 'взрывоопасность;', 0),
(625, 198, 'запыленность;', 0),
(626, 198, 'токсичность.  ', 1),
(627, 199, 'подлежат обязательной регистрации и  учету;', 0),
(628, 199, 'проводятся на основе предварительного уведомления;', 0),
(629, 199, 'не подлежат регистрации и учету.', 1),
(630, 200, 'не реже чем один раз в 3 года;', 0),
(631, 200, 'не реже чем  один раз в  5 лет;', 1),
(632, 200, 'не реже чем один раз в 7 лет.', 0),
(633, 201, 'более  20 человек;', 0),
(634, 201, 'более 50 человек;', 1),
(635, 201, 'более 100 человек.', 0),
(636, 202, 'работодатель должен  привлечь к дисциплинарной ответственности;', 0),
(637, 202, 'работодатель вправе отстранить от работы;', 0),
(638, 202, 'работодатель обязан отстранить от работы.', 1),
(639, 203, 'вводный;', 0),
(640, 203, 'повторный;', 0),
(641, 203, 'целевой. ', 1),
(642, 204, '1  час в течение суток;', 1),
(643, 204, '2 часа в течение суток;', 0),
(644, 204, '3 часа в течение суток.  ', 0),
(645, 205, 'профилактические осмотры;', 0),
(646, 205, 'периодические  медицинские осмотры;', 1),
(647, 205, 'диспансеризацию, скрининг по месту жительства.', 0),
(648, 206, 'работа с сосудами под давлением;', 0),
(649, 206, 'запыленность, пожароопасность;', 0),
(650, 206, 'токсичность, взрывоопасность', 1),
(651, 207, 'производственная травма;', 0),
(652, 207, 'грубая неосторожность;', 1),
(653, 207, 'халатность. ', 0),
(654, 208, 'в случае брака, рождения ребенка;', 0),
(655, 208, 'занятым на  работах с вредными и (или) опасными условиями труда;', 1),
(656, 208, 'в случае систематической переработки.', 0),
(657, 209, 'не допускаются;', 1),
(658, 209, 'допускаются;', 0),
(659, 209, 'допускаются с ограничениями.', 0),
(660, 210, 'административная;', 0),
(661, 210, 'гражданско-правовая;', 0),
(662, 210, 'уголовная.', 1),
(663, 211, 'сроки пользования исчисляются со дня выдачи работниками средств индивидуальной защиты;', 1),
(664, 211, 'сроки пользования средств индивидуальной защиты исчисляются  со дня первой чистки, стирки;', 0),
(665, 211, 'сроки использования средств индивидуальной защиты исчисляются  со дня их приобретения работодателем. ', 0),
(666, 212, 'до 2,6%;', 0),
(667, 212, 'до 2,8%;', 0),
(668, 212, 'до 3,2%.', 1),
(669, 213, 'является необязательным;', 0),
(670, 213, 'является обязательным;', 1),
(671, 213, 'обязательность зависит от  личности работника и характера работ.    ', 0),
(672, 214, 'допускается, но только в  натуральной форме;', 0),
(673, 214, 'допускается в виде дополнительных дней отпуска;', 0),
(674, 214, 'не допускается. ', 1),
(675, 215, 'производственной травмы;', 1),
(676, 215, 'рекомендации профсоюза;', 0),
(677, 215, 'заявления работника.', 0),
(678, 216, '15 минут;', 0),
(679, 216, '30 минут;', 1),
(680, 216, '45 минут. ', 0);

-- --------------------------------------------------------

--
-- Структура таблицы `test_vopros`
--

CREATE TABLE IF NOT EXISTS `test_vopros` (
  `id` int(11) NOT NULL,
  `cat` int(11) NOT NULL,
  `vopros` varchar(255) NOT NULL,
  `yaz` varchar(255) NOT NULL
) ENGINE=InnoDB AUTO_INCREMENT=217 DEFAULT CHARSET=utf8;

--
-- Дамп данных таблицы `test_vopros`
--

INSERT INTO `test_vopros` (`id`, `cat`, `vopros`, `yaz`) VALUES
(1, 9, 'Производственный фактор, воздействие которого на работника может привести к заболеванию или снижению трудоспособности и (или) отрицательному влиянию на здоровье потомства?', 'ru'),
(2, 9, 'Субъект  внутреннего контроля по безопасности и охране труда:', 'ru'),
(3, 9, 'Состояние защищенности работников, исключающее воздействие вредных и (или) опасных производственных факторов - это:', 'ru'),
(4, 9, 'В каком документе дается характеристика условий труда, гарантии и льготы, если работа относится к тяжёлым и (или) выполняется во вредных и (или)  опасных  условиях труда?', 'ru'),
(5, 9, 'О чём работник  обязан немедленно сообщить работодателю или организатору работ:', 'ru'),
(6, 9, 'Инструкции по безопасности и охране труда работодателя по профессиям и видам работ пересматриваются:', 'ru'),
(7, 9, 'Как заверяется акт о несчастном случае, связанном с трудовой деятельностью, после завершения расследования?', 'ru'),
(8, 9, 'Понятие специализированные организации связано с процессом:', 'ru'),
(9, 9, 'Сокращённая продолжительность  рабочего времени устанавливается: ', 'ru'),
(10, 9, 'К средству коллективной защиты относится:', 'ru'),
(11, 9, 'Привлечение работника к работе в течение  2 рабочих  смен  подряд:', 'ru'),
(12, 9, 'Страхование работников от несчастных случаев при исполнении ими трудовых обязанностей  является?', 'ru'),
(13, 9, 'Проверки государственных инспекторов труда в рамках расследования несчастных случаев, связанных с трудовой деятельностью согласно законодательству о государственной правовой статистике и специальных учетах:', 'ru'),
(14, 9, 'Периодичность аттестации производственных объектов по условиям труда:', 'ru'),
(15, 9, 'Служба безопасности и охраны труда создается в производственной организации численностью?', 'ru'),
(16, 9, 'Если работник не сдал  экзамены по проверке знаний по вопросам  безопасности и охраны труда?', 'ru'),
(17, 9, 'Понятие наряда-допуска связано с данным видом инструктажа:', 'ru'),
(18, 9, 'Сверхурочная работа  для  работ с опасными или  вредными условиями труда не может превышать:', 'ru'),
(19, 9, 'Работники, занятые на работах с вредными или опасными условиями труда должны проходить:', 'ru'),
(20, 9, 'Срок хранения материалов расследования несчастного случая, связанного с трудовой деятельностью подлежат хранению в организации:', 'ru'),
(21, 9, 'Действия работника, способствующие нарушению правил охраны труда и техники безопасности и безопасности своего здоровья:', 'ru'),
(22, 9, 'Дополнительные оплачиваемые ежегодные  трудовые отпуска не менее 6 календарных дней предоставляются работникам:', 'ru'),
(23, 9, 'Государственный контроль по безопасности и охране труда представляет собой:', 'ru'),
(24, 9, 'Какому  виду  юридической  ответственности  не подлежит  организация   при  несоблюдении в ней  требований  БиОТ?', 'ru'),
(25, 9, 'Каким образом исчисляются сроки пользования  средствами индивидуальной защиты?', 'ru'),
(26, 9, 'Норма жирности молока для занятых на работах, связанных с производством или применением химических веществ?', 'ru'),
(27, 9, 'Ответственным субъектом за организацию  работы кабинета  охраны труда  является?', 'ru'),
(28, 9, 'Допускается ли  выплата компенсации за не полученное во время отпуска  молоко?', 'ru'),
(29, 9, 'Временный перевод на другую работу по состоянию здоровья производится в случае?', 'ru'),
(30, 9, 'Перерыв для отдыха и приема пищи должен составлять не менее:', 'ru'),
(31, 13, 'Производственный фактор, воздействие которого на работника может привести к заболеванию или снижению трудоспособности и (или) отрицательному влиянию на здоровье потомства?', 'ru'),
(32, 13, 'Субъект  внутреннего контроля по безопасности и охране труда:', 'ru'),
(33, 13, 'Состояние защищенности работников, исключающее воздействие вредных и (или) опасных производственных факторов - это:', 'ru'),
(34, 13, 'В каком документе дается характеристика условий труда, гарантии и льготы, если работа относится к тяжёлым и (или) выполняется во вредных и (или)  опасных  условиях труда?', 'ru'),
(35, 13, 'О чём работник  обязан немедленно сообщить работодателю или организатору работ:', 'ru'),
(36, 13, 'Инструкции по безопасности и охране труда работодателя по профессиям и видам работ пересматриваются:', 'ru'),
(37, 13, 'Как заверяется акт о несчастном случае, связанном с трудовой деятельностью, после завершения расследования?', 'ru'),
(38, 13, 'Понятие специализированные организации связано с процессом:', 'ru'),
(39, 13, 'Сокращённая продолжительность  рабочего времени устанавливается: ', 'ru'),
(40, 13, 'Понятие положительных стимулов на соблюдение требований БиОТ связано:', 'ru'),
(41, 13, 'Работа по совместительству работника, занятых на работах с вредными и (или) опасными условиями труда:', 'ru'),
(42, 13, 'Страхование работников от несчастных случаев при исполнении ими трудовых обязанностей  является?', 'ru'),
(43, 13, 'Проверки  государственных инспекторов труда в рамках расследования несчастных случаев, связанных с трудовой деятельностью согласно законодательству о государственной правовой статистике и специальных учетах:', 'ru'),
(44, 13, 'Периодичность аттестации производственных объектов по условиям труда:', 'ru'),
(45, 13, 'К  непроизводственным организациям  относятся:', 'ru'),
(46, 13, 'Если работник не сдал  экзамены по проверке знаний по вопросам  безопасности и охраны труда?', 'ru'),
(47, 13, 'Проведение инструктажей по безопасности и охране труда  регистрируется:', 'ru'),
(48, 13, 'Сверхурочная работа  для  работ с опасными или  вредными условиями труда не может превышать:', 'ru'),
(49, 13, 'Работники, занятые на работах с вредными или опасными условиями труда должны проходить:', 'ru'),
(50, 13, 'Срок хранения материалов расследования несчастного случая, связанного с трудовой деятельностью подлежат хранению в организации:', 'ru'),
(51, 13, 'Действия работника, способствующие нарушению правил охраны труда и техники безопасности и безопасности своего здоровья:', 'ru'),
(52, 13, 'Дополнительные оплачиваемые ежегодные  трудовые отпуска не менее 6 календарных дней предоставляются работникам:', 'ru'),
(53, 13, 'Государственный контроль по безопасности и охране труда представляет собой:', 'ru'),
(54, 13, 'Какому  виду  юридической  ответственности  не подлежит  организация   при  несоблюдении в ней  требований  БиОТ?', 'ru'),
(55, 13, 'Каким образом исчисляются сроки пользования  средствами индивидуальной защиты?', 'ru'),
(56, 13, 'Специальная одежда относится к:', 'ru'),
(57, 13, 'При несчастном случае,  связанном  с трудовой  деятельностью работодатель обязан  организовать:', 'ru'),
(58, 13, 'Журнал учета инструкций по безопасности и охране труда:', 'ru'),
(59, 13, 'Временный перевод на другую работу по состоянию здоровья производится в случае?', 'ru'),
(60, 13, 'Перерыв для отдыха и приема пищи должен составлять не менее:', 'ru'),
(61, 9, 'Жұмыскердің ауруына немесе жұмыс қабілеттілігінің төмендеуіне немесе әулеттің денсаулығына кері әсерін тигізетін өндірістік фактор ?', 'kz'),
(62, 9, 'Қауіпсіздік және еңбекті қорғау бойыша ішкі бақылау субъектісі:', 'kz'),
(63, 9, 'Еңбек ету үрдісінде жұмыскерлерге қауіпті және  (немесе) зиянды өндірістік факторлардың әсер етуін жоятын іс- шаралар кешені қамтамасыз етілген жұмыскерлерді қорғау жағдайы бұл-:', 'kz'),
(64, 9, 'Егер жұмыс ауыр жұмыстардың қатарына жататын болса немесе зиянды және (немесе) қауіпті еңбек шарттарында орындалатын болса, қандай құжатта еңбек шарттарына сипаттама беріледі?', 'kz'),
(65, 9, 'Жұмыскер жұмыс берушіге немесе жұмысты ұйымдастырушыға не жайлы шұғыл хабарламау қажет:', 'kz'),
(66, 9, 'Жұмыс берушінің кәсіптер мен жұмыс түрлері бойынша қауіпсіздік және еңбекті қорғау жөніндегі нұсқаулықтары қарастырылады:', 'kz'),
(67, 9, 'Зерттеу аяқталғаннан кейін еңбек қызметімен байланысты қайғылы оқиға туралы акт қалай расталады?', 'kz'),
(68, 9, 'Мамандырылған ұйымдар   ұғымы қандай үрдіспен байланысты? ', 'kz'),
(69, 9, 'Жұмыс уақытының қысқартылған ұзақтығы орнатылады:', 'kz'),
(70, 9, 'Ұжымдық қорғаныс құралдарына жатады: ', 'kz'),
(71, 9, 'Жұмыскердің күн сайынғы (ауысым аралық) демалысы жұмыстың аяқталуы мен келесі күнге дейінгі басталуы (жұмыс ауысымы) арасындағы ұзақтығы төменде аталған сағаттардың қайсысынан төмен болмауы қажет', 'kz'),
(72, 9, 'Ұйымдарда басшыларды және жауапты жұмыскерлерді оқыту және тексерістен уақытылы өткізілуін бақылау жүргізіледі?', 'kz'),
(73, 9, 'Мемлекеттік құқықтық статистика және арнайы есептеу туралы заңнамаға сәйкес еңбек қызметімен байланысты қайғылы оқиғаларды зерттеу аясында  мемлекеттік еңбек инспекторларын тексеру тиісті:', 'kz'),
(74, 9, 'Өндірістік объектілерін еңбек шарттары бойынша аттестаттаудың кезеңділігі: ', 'kz'),
(75, 9, 'Өндірістік ұйымда қауіпсіздік және еңбекті қорғау қызметі неше адамнан тұрады?', 'kz'),
(76, 9, 'Егер жұмыскер қауіпсіздік және еңбекті қорғау бойынша емтиханды тапсырмаса : ', 'kz'),
(77, 9, 'Жүктелім –рұқсат қағаз ұғымы нұсқаулықтың мына түрімен байланысты: ', 'kz'),
(78, 9, 'Тәулік ағымындағы ауысымды жұмыс бұл:', 'kz'),
(79, 9, 'Жұмыс беруші өз меншікті қаражатымен ұйымдастыру қажет: ', 'kz'),
(80, 9, 'Ұйымда еңбек қызметімен байланысты қайғылы оқиғаны тергеу материалдарын сақтау мерзімі-...', 'kz'),
(81, 9, 'Еңбекті қорғау және қауіпсіздік техникасы ережелерін бұзуға әсер ететін жұмыскердің іс- әрекеттері  ', 'kz'),
(82, 9, 'Қосымша ақылы жыл сайынғы еңбек демалыстары 6 күнтізбелік күннен аз емес мерзімде қандай жұмыскерлерге беріледі?', 'kz'),
(83, 9, 'Қауіпсіздік және еңбекті қорғау бойынша мемлекеттік бақылау бұл: ', 'kz'),
(84, 9, 'Қауіпсіздік және еңбекті қорғау талаптарын орындамау кезіндегі ұйымдастыру заңды жауапкершіліктің қандай түріне жатпайды?', 'kz'),
(85, 9, 'Жеке қорғаныс құралдарымен  қолданудың мерзімі  қандай жағдайда санала бастайды?', 'kz'),
(86, 9, 'Өндіріспен немесе химиялық заттектерді қолданумен байланысты жұмыстарды орындайтын жұмыскерлерге сүт майлылығының қандай нормалары орнатылған ?', 'kz'),
(87, 9, 'Еңбекті  қорғау кабинеті жұмысын ұйымдастыруға жауапты субъект  ?', 'kz'),
(88, 9, 'Сүтті уақытында алмаған үшін өтемақыға жол беріле ме?', 'kz'),
(89, 9, 'Денсаулық жағдайына байланысты басқа жұмысқа ауыстыру қандай кезде жүргізіле алады? ', 'kz'),
(90, 9, 'Демалыс пен тамақтануға арналған үзіліс неше минуттан кем болмауы керек ? ', 'kz'),
(91, 13, 'Жұмыскердің сырқаттануына немесе жұмысқа қабілеттілігінің төмендеуіне немесе әулет денсаулығының төмендеуіне әкеп соқтыратын өндірістік фактор:', 'kz'),
(92, 13, 'Қауіпсіздік және еңбекті қорғау бойынша ішкі бақылау субъектісі: ', 'kz'),
(93, 13, 'Зиянды және (немесе) қауіпті өндірістік факторлардың әсерін болдырмайтын жұмыскерлердің қорғалу жағдайы- бұл: ', 'kz'),
(94, 13, 'Егер жұмыс зиянды және (немесе) қауіпті еңбек шарттарында орындалып, ауыр жұмыстар қатарына жатса, қандай құжатта еңбек шарттары, кепілдіктер мен жеңілдіктер көрсетіледі?', 'kz'),
(95, 13, 'Жұмыскер не жайлы жұмыскерге немесе жұмыстарды ұйымдастырушыға жедел түрде хабарлауы қажет? ', 'kz'),
(96, 13, 'Жұмыс берушінің қауіпсіздік және еңбекті қорғау бойынша нұсқаулықтары кәсіптер және жұмыс түрлері бойынша қайта қаралады:', 'kz'),
(97, 13, 'Еңбек қызметімен байланысты қайғылы жағдайды зерттегеннен кейін қайғылы жағдай туралы акт қалай куәландырылады?  ', 'kz'),
(98, 13, 'Мамандандырылған ұйымдар ұғымы қандай үрдіспен байланысты: ', 'kz'),
(99, 13, 'Қысқартылған жұмыс уақыты кім үшін орнатылады: ', 'kz'),
(100, 13, 'Қауіпсіздік және еңбекті қорғау талаптарын сақтауға оң ынталылықтар түсінігі немен байланысты? ', 'kz'),
(101, 13, 'Зиянды және (немесе) қауіпті еңбек шарттарындағы жұмыстарда жұмыс жасайтын жұмыскердің қоса атқару жұмысы: ', 'kz'),
(102, 13, 'Еңбек міндеттемелерін орындау кезінде жұмыскерлерді қайғылы оқиғалардан сақтандыру болып табылады:', 'kz'),
(103, 13, 'Мемлекеттік құқықтық статистика және арнайы тіркеу туралы заңнамаға сәйкес еңбек қызметімен байланысты қайғылы жағдайларды зерттеу аясында мемлекеттік еңбек инспекторлар тексеріс жүргізеді: ', 'kz'),
(104, 13, 'Еңбек шарттары бойынша өндірістік объектілерді аттестаттау кезектілігі: ', 'kz'),
(105, 13, 'Бейөндірістік ұйымдарға жатады:', 'kz'),
(106, 13, 'Егер жұмыскер қауіпсіздік және еңбекті қорғау сұрақтары бойынша білімін тексеру жөніндегі емтихандарды тапсырмаса: ', 'kz'),
(107, 13, 'Қауіпсіздік және еңбекті қорғау бойынша нұсқаулықтарды өткізу қайда тіркеледі? ', 'kz'),
(108, 13, 'Қауіпті немесе зиянды шарттарындағы жұмыстарға арналған  мерзімінен артық жұмыс неге сағаттан аспауы қажет: ', 'kz'),
(109, 13, 'Қауіпті немесе зиянды шарттарындағы жұмыстарда қызмет ететін жұмыскерлер қандай тексерістерден өту қажет? ', 'kz'),
(110, 13, 'Ұйымда еңбек қызметімен байланысты қайғылы оқиғаны тергеу материалдарын сақтау мерзімі-...', 'kz'),
(111, 13, 'Жұмыскердің еңбекті қорғау және қауіпсіздік техникасы ережелерін бұзуға, өз денсаулығының қауіпсіздігініне әсер ететін іс- әрекеттері  ', 'kz'),
(112, 13, 'Қосымша ақылы жыл сайынғы еңбек демалыстары 6 күнтізбелік күннен кем емес мерзімде қандай жұмыскерлерге беріледі? ', 'kz'),
(113, 13, 'Қауіпсіздік және еңбекті қорғау бойынша мемлекеттік бақылау бұл: ', 'kz'),
(114, 13, 'Қауіпсіздік және еңбекті қорғау талаптарын орындамау кезіндегі ұйымдастыру заңды жауапкершіліктің қандай түріне жатпайды?', 'kz'),
(115, 13, 'Жеке қорғаныс құралдарымен  қолданудың мерзімі  қандай жағдайда санала бастайды?', 'kz'),
(116, 13, 'Арнайы киім неге жатады? ', 'kz'),
(117, 13, 'Еңбек қызметімен байланысты қайғылы оқиға кезінде жұмыс беруші ұйымдастыруға міндетті: ', 'kz'),
(118, 13, 'Қауіпсіздік және еңбекті қорғау бойынша нұсқаулықтарды есепке алу журналы: ', 'kz'),
(119, 13, 'Басқа жұмысқа денсаулық жағдайы бойынша ауыстыру қандай жағдайда жасалады?', 'kz'),
(120, 13, 'Демалыс пен тамақтануға арналған үзіліс неше минуттан кем болмауы керек ? ', 'kz'),
(127, 1, 'Производственный фактор, воздействие которого на работника может привести к заболеванию или снижению трудоспособности и (или) отрицательному влиянию на здоровье потомства?', 'ru'),
(128, 1, 'Субъект  внутреннего контроля по безопасности и охране труда:', 'ru'),
(129, 1, 'В случае осуществления строительства на основании договора, в течение всего срока строительства ответственность за соблюдение на строительной площадке требований по безопасности и охране труда несет:', 'ru'),
(130, 1, 'В каком документе дается характеристика условий труда, гарантии и льготы, если работа относится к тяжёлым и (или) выполняется во вредных и (или)  опасных  условиях труда?', 'ru'),
(131, 1, 'О чём работник  обязан немедленно сообщить работодателю или организатору работ:', 'ru'),
(132, 1, 'Инструкции по безопасности и охране труда работодателя по профессиям и видам работ пересматриваются:', 'ru'),
(133, 1, 'Ограждение строительной площадки и опасных зон работ?', 'ru'),
(134, 1, 'Понятие специализированные организации связано с процессом:', 'ru'),
(135, 1, 'Сокращённая продолжительность  рабочего времени устанавливается: ', 'ru'),
(136, 1, 'К средству коллективной защиты относится:', 'ru'),
(137, 1, 'Привлечение работника к работе в течение  2 рабочих  смен  подряд:', 'ru'),
(138, 1, 'При работах в зонах расположения подземных коммуникаций  ответственный производитель работ  обязан вызвать на место работ представителей организаций, эксплуатирующих действующие подземные коммуникации и сооружения не позднее чем:', 'ru'),
(139, 1, 'Проверки  государственных инспекторов труда в рамках расследования несчастных случаев, связанных с трудовой деятельностью согласно законодательству о государственной правовой статистике и специальных учетах:', 'ru'),
(140, 1, 'Периодичность аттестации производственных объектов по условиям труда:', 'ru'),
(141, 1, 'Служба безопасности и охраны труда создается в производственной организации численностью?', 'ru'),
(142, 1, 'Если работник не сдал  экзамены по проверке знаний по вопросам  безопасности и охраны труда?', 'ru'),
(143, 1, 'Понятие наряда-допуска связано с данным видом инструктажа:', 'ru'),
(144, 1, 'Сверхурочная работа  для  работ с опасными или  вредными условиями труда не может превышать:', 'ru'),
(145, 1, 'Работники, занятые на работах с вредными или опасными условиями труда должны проходить:', 'ru'),
(146, 1, 'Окончание подготовительных работ на строительной площадке принимается и оформляется по:', 'ru'),
(147, 1, 'Действия работника, способствующие нарушению правил охраны труда и техники безопасности и безопасности своего здоровья:', 'ru'),
(148, 1, 'Дополнительные оплачиваемые ежегодные  трудовые отпуска не менее 6 календарных дней предоставляются работникам:', 'ru'),
(149, 1, 'Опасный  производственный фактор при разборке и демонтаже зданий и сооружений в процессе их реконструкции или сноса:', 'ru'),
(150, 1, 'Какому  виду  юридической  ответственности  не подлежит  организация   при  несоблюдении в ней  требований  БиОТ?', 'ru'),
(151, 1, 'Каким образом исчисляются сроки пользования  средствами индивидуальной защиты?', 'ru'),
(152, 1, 'Норма жирности молока для занятых на работах, связанных с производством или применением химических веществ?', 'ru'),
(153, 1, 'При грозе, сильном ветре  выполнение работ на лесах, подмостях:', 'ru'),
(154, 1, 'Допускается ли  выплата компенсации за не полученное во время отпуска  молоко?', 'ru'),
(155, 1, 'Временный перевод на другую работу по состоянию здоровья производится в случае?', 'ru'),
(156, 1, 'Перерыв для отдыха и приема пищи должен составлять не менее:', 'ru'),
(157, 2, 'Производственный фактор, воздействие которого на работника может привести к заболеванию или снижению трудоспособности и (или) отрицательному влиянию на здоровье потомства?', 'ru'),
(158, 2, 'Субъект  внутреннего контроля по безопасности и охране труда:', 'ru'),
(159, 2, 'Все работы, связанные с тепловым облучением на рабочих местах, просеиванием муки, сахарной пудры и других сыпучих продуктов, проводятся:', 'ru'),
(160, 2, 'В каком документе дается характеристика условий труда, гарантии и льготы, если работа относится к тяжёлым и (или) выполняется во вредных и (или)  опасных  условиях труда?', 'ru'),
(161, 2, 'О чём работник  обязан немедленно сообщить работодателю или организатору работ:', 'ru'),
(162, 2, 'Инструкции по безопасности и охране труда работодателя по профессиям и видам работ пересматриваются:', 'ru'),
(163, 2, 'Ремонт оборудования во время производственного цикла проводится при условии его;', 'ru'),
(164, 2, 'Понятие специализированные организации связано с процессом:', 'ru'),
(165, 2, 'Сокращённая продолжительность  рабочего времени устанавливается: ', 'ru'),
(166, 2, 'К средству коллективной защиты относится:', 'ru'),
(167, 2, 'Привлечение работника к работе в течение  2 рабочих  смен  подряд:', 'ru'),
(168, 2, 'Производственный контроль на объектах по производству пищевой продукции осуществляется:', 'ru'),
(169, 2, 'Проверки  государственных инспекторов труда в рамках расследования несчастных случаев, связанных с трудовой деятельностью согласно законодательству о государственной правовой статистике и специальных учетах:', 'ru'),
(170, 2, 'Периодичность аттестации производственных объектов по условиям труда:', 'ru'),
(171, 2, 'Служба безопасности и охраны труда создается в производственной организации численностью?', 'ru'),
(172, 2, 'Если работник не сдал  экзамены по проверке знаний по вопросам  безопасности и охраны труда?', 'ru'),
(173, 2, 'Понятие наряда-допуска связано с данным видом инструктажа:', 'ru'),
(174, 2, 'Сверхурочная работа  для  работ с опасными или  вредными условиями труда не может превышать:', 'ru'),
(175, 2, 'Работники, занятые на работах с вредными или опасными условиями труда должны проходить:', 'ru'),
(176, 2, 'Хозяйствующие субъекты объектов по производству пищевой продукции  обеспечивают персонал комплектами санитарной одежды (с включением в него средств индивидуальной защиты), в количестве не менее:', 'ru'),
(177, 2, 'Действия работника, способствующие нарушению правил охраны труда и техники безопасности и безопасности своего здоровья:', 'ru'),
(178, 2, 'Дополнительные оплачиваемые ежегодные  трудовые отпуска не менее 6 календарных дней предоставляются работникам:', 'ru'),
(179, 2, 'На рабочих местах объектов по производству пищевой продукции для защиты от выходящих горячих паров и газов, устраивают:', 'ru'),
(180, 2, 'Какому  виду  юридической  ответственности  не подлежит  организация   при  несоблюдении в ней  требований  БиОТ?', 'ru'),
(181, 2, 'Каким образом исчисляются сроки пользования  средствами индивидуальной защиты?', 'ru'),
(182, 2, 'Норма жирности молока для занятых на работах, связанных с производством или применением химических веществ?', 'ru'),
(183, 2, 'Привлечение к технологическим операциям  на объектах производящих пищевую продукцию, персонала, не имеющего профессиональную подготовку (квалификацию, специальность), не прошедшего гигиеническое обучение?', 'ru'),
(184, 2, 'Допускается ли  выплата компенсации за не полученное во время отпуска  молоко?', 'ru'),
(185, 2, 'Временный перевод на другую работу по состоянию здоровья производится в случае?', 'ru'),
(186, 2, 'Перерыв для отдыха и приема пищи должен составлять не менее:', 'ru'),
(187, 3, 'Производственный фактор, воздействие которого на работника может привести к заболеванию или снижению трудоспособности и (или) отрицательному влиянию на здоровье потомства?', 'ru'),
(188, 3, 'Субъект  внутреннего контроля по безопасности и охране труда:', 'ru'),
(189, 3, 'Оградительные устройства на сельскохозяйственных машинах предназначены для:', 'ru'),
(190, 3, 'В каком документе дается характеристика условий труда, гарантии и льготы, если работа относится к тяжёлым и (или) выполняется во вредных и (или)  опасных  условиях труда?', 'ru'),
(191, 3, 'О чём работник  обязан немедленно сообщить работодателю или организатору работ:', 'ru'),
(192, 3, 'Инструкции по безопасности и охране труда работодателя по профессиям и видам работ пересматриваются:', 'ru'),
(193, 3, 'Зоны вокруг механических передач сельскохозяйственных машин относятся к:', 'ru'),
(194, 3, 'Понятие специализированные организации связано с процессом:', 'ru'),
(195, 3, 'Сокращённая продолжительность  рабочего времени устанавливается: ', 'ru'),
(196, 3, 'К средству коллективной защиты относится:', 'ru'),
(197, 3, 'Привлечение работника к работе в течение  2 рабочих  смен  подряд:', 'ru'),
(198, 3, 'Основной опасный производственный фактор при работе с ядохимикатами:', 'ru'),
(199, 3, 'Проверки  государственных инспекторов труда в рамках расследования несчастных случаев, связанных с трудовой деятельностью согласно законодательству о государственной правовой статистике и специальных учетах:', 'ru'),
(200, 3, 'Периодичность аттестации производственных объектов по условиям труда:', 'ru'),
(201, 3, 'Служба безопасности и охраны труда создается в производственной организации численностью?', 'ru'),
(202, 3, 'Если работник не сдал  экзамены по проверке знаний по вопросам  безопасности и охраны труда?', 'ru'),
(203, 3, 'Понятие наряда-допуска связано с данным видом инструктажа:', 'ru'),
(204, 3, 'Сверхурочная работа  для  работ с опасными или  вредными условиями труда не может превышать:', 'ru'),
(205, 3, 'Работники, занятые на работах с вредными или опасными условиями труда должны проходить:', 'ru'),
(206, 3, 'При работе с  минеральными азотными удобрениями основными опасными производственными факторами являются:', 'ru'),
(207, 3, 'Действия работника, способствующие нарушению правил охраны труда и техники безопасности и безопасности своего здоровья:', 'ru'),
(208, 3, 'Дополнительные оплачиваемые ежегодные  трудовые отпуска не менее 6 календарных дней предоставляются работникам:', 'ru'),
(209, 3, 'Сельскохозяйственные машины и агрегаты, не отвечающие требованиям безопасности к эксплуатации:', 'ru'),
(210, 3, 'Какому  виду  юридической  ответственности  не подлежит  организация   при  несоблюдении в ней  требований  БиОТ?', 'ru'),
(211, 3, 'Каким образом исчисляются сроки пользования  средствами индивидуальной защиты?', 'ru'),
(212, 3, 'Норма жирности молока для занятых на работах, связанных с производством или применением химических веществ?', 'ru'),
(213, 3, 'Если работник привлекается  только к сезонным работам, то проведение с ним  инструктажей по безопасности и охране труда?', 'ru'),
(214, 3, 'Допускается ли  выплата компенсации за не полученное во время отпуска  молоко?', 'ru'),
(215, 3, 'Временный перевод на другую работу по состоянию здоровья производится в случае?', 'ru'),
(216, 3, 'Перерыв для отдыха и приема пищи должен составлять не менее:', 'ru');

--
-- Индексы сохранённых таблиц
--

--
-- Индексы таблицы `test_cat`
--
ALTER TABLE `test_cat`
  ADD PRIMARY KEY (`id`);

--
-- Индексы таблицы `test_cat_litle`
--
ALTER TABLE `test_cat_litle`
  ADD PRIMARY KEY (`id`);

--
-- Индексы таблицы `test_gruppa`
--
ALTER TABLE `test_gruppa`
  ADD PRIMARY KEY (`id`);

--
-- Индексы таблицы `test_otvet`
--
ALTER TABLE `test_otvet`
  ADD PRIMARY KEY (`id`);

--
-- Индексы таблицы `test_user`
--
ALTER TABLE `test_user`
  ADD PRIMARY KEY (`id`);

--
-- Индексы таблицы `test_var_otv`
--
ALTER TABLE `test_var_otv`
  ADD PRIMARY KEY (`id`);

--
-- Индексы таблицы `test_vopros`
--
ALTER TABLE `test_vopros`
  ADD PRIMARY KEY (`id`);

--
-- AUTO_INCREMENT для сохранённых таблиц
--

--
-- AUTO_INCREMENT для таблицы `test_cat`
--
ALTER TABLE `test_cat`
  MODIFY `id` int(11) NOT NULL AUTO_INCREMENT,AUTO_INCREMENT=3;
--
-- AUTO_INCREMENT для таблицы `test_cat_litle`
--
ALTER TABLE `test_cat_litle`
  MODIFY `id` int(11) NOT NULL AUTO_INCREMENT,AUTO_INCREMENT=14;
--
-- AUTO_INCREMENT для таблицы `test_gruppa`
--
ALTER TABLE `test_gruppa`
  MODIFY `id` int(11) NOT NULL AUTO_INCREMENT,AUTO_INCREMENT=15;
--
-- AUTO_INCREMENT для таблицы `test_otvet`
--
ALTER TABLE `test_otvet`
  MODIFY `id` int(11) NOT NULL AUTO_INCREMENT,AUTO_INCREMENT=437;
--
-- AUTO_INCREMENT для таблицы `test_user`
--
ALTER TABLE `test_user`
  MODIFY `id` int(11) NOT NULL AUTO_INCREMENT,AUTO_INCREMENT=2;
--
-- AUTO_INCREMENT для таблицы `test_var_otv`
--
ALTER TABLE `test_var_otv`
  MODIFY `id` int(11) NOT NULL AUTO_INCREMENT,AUTO_INCREMENT=681;
--
-- AUTO_INCREMENT для таблицы `test_vopros`
--
ALTER TABLE `test_vopros`
  MODIFY `id` int(11) NOT NULL AUTO_INCREMENT,AUTO_INCREMENT=217;
/*!40101 SET CHARACTER_SET_CLIENT=@OLD_CHARACTER_SET_CLIENT */;
/*!40101 SET CHARACTER_SET_RESULTS=@OLD_CHARACTER_SET_RESULTS */;
/*!40101 SET COLLATION_CONNECTION=@OLD_COLLATION_CONNECTION */;
